"Date","10th","20th","30th","40th","Median","60th","70th","80th","90th","95th","Average","50-10 ratio","95-50 ratio","90-50 ratio","Log 50-10 ratio","Log 95-50 ratio","Log 90-50 ratio","Men 10th","Men 20th","Men 30th","Men 40th","Men Median","Men 60th","Men 70th","Men 80th","Men 90th","Men 95th","Men Average","Men 50-10 ratio","Men 95-50 ratio","Men 90-50 ratio","Men Log 50-10 ratio","Men Log 95-50 ratio","Men Log 90-50 ratio","Women 10th","Women 20th","Women 30th","Women 40th","Women Median","Women 60th","Women 70th","Women 80th","Women 90th","Women 95th","Women Average","Women 50-10 ratio","Women 95-50 ratio","Women 90-50 ratio","Women Log 50-10 ratio","Women Log 95-50 ratio","Women Log 90-50 ratio","White 10th","White 20th","White 30th","White 40th","White Median","White 60th","White 70th","White 80th","White 90th","White 95th","White Average","White 50-10 ratio","White 95-50 ratio","White 90-50 ratio","White Log 50-10 ratio","White Log 95-50 ratio","White Log 90-50 ratio","Black 10th","Black 20th","Black 30th","Black 40th","Black Median","Black 60th","Black 70th","Black 80th","Black 90th","Black 95th","Black Average","Black 50-10 ratio","Black 95-50 ratio","Black 90-50 ratio","Black Log 50-10 ratio","Black Log 95-50 ratio","Black Log 90-50 ratio","Hispanic 10th","Hispanic 20th","Hispanic 30th","Hispanic 40th","Hispanic Median","Hispanic 60th","Hispanic 70th","Hispanic 80th","Hispanic 90th","Hispanic 95th","Hispanic Average","Hispanic 50-10 ratio","Hispanic 95-50 ratio","Hispanic 90-50 ratio","Hispanic Log 50-10 ratio","Hispanic Log 95-50 ratio","Hispanic Log 90-50 ratio","White Men 10th","White Men 20th","White Men 30th","White Men 40th","White Men Median","White Men 60th","White Men 70th","White Men 80th","White Men 90th","White Men 95th","White Men Average","White Men 50-10 ratio","White Men 95-50 ratio","White Men 90-50 ratio","White Men Log 50-10 ratio","White Men Log 95-50 ratio","White Men Log 90-50 ratio","Black Men 10th","Black Men 20th","Black Men 30th","Black Men 40th","Black Men Median","Black Men 60th","Black Men 70th","Black Men 80th","Black Men 90th","Black Men 95th","Black Men Average","Black Men 50-10 ratio","Black Men 95-50 ratio","Black Men 90-50 ratio","Black Men Log 50-10 ratio","Black Men Log 95-50 ratio","Black Men Log 90-50 ratio","Hispanic Men 10th","Hispanic Men 20th","Hispanic Men 30th","Hispanic Men 40th","Hispanic Men Median","Hispanic Men 60th","Hispanic Men 70th","Hispanic Men 80th","Hispanic Men 90th","Hispanic Men 95th","Hispanic Men Average","Hispanic Men 50-10 ratio","Hispanic Men 95-50 ratio","Hispanic Men 90-50 ratio","Hispanic Men Log 50-10 ratio","Hispanic Men Log 95-50 ratio","Hispanic Men Log 90-50 ratio","White Women 10th","White Women 20th","White Women 30th","White Women 40th","White Women Median","White Women 60th","White Women 70th","White Women 80th","White Women 90th","White Women 95th","White Women Average","White Women 50-10 ratio","White Women 95-50 ratio","White Women 90-50 ratio","White Women Log 50-10 ratio","White Women Log 95-50 ratio","White Women Log 90-50 ratio","Black Women 10th","Black Women 20th","Black Women 30th","Black Women 40th","Black Women Median","Black Women 60th","Black Women 70th","Black Women 80th","Black Women 90th","Black Women 95th","Black Women Average","Black Women 50-10 ratio","Black Women 95-50 ratio","Black Women 90-50 ratio","Black Women Log 50-10 ratio","Black Women Log 95-50 ratio","Black Women Log 90-50 ratio","Hispanic Women 10th","Hispanic Women 20th","Hispanic Women 30th","Hispanic Women 40th","Hispanic Women Median","Hispanic Women 60th","Hispanic Women 70th","Hispanic Women 80th","Hispanic Women 90th","Hispanic Women 95th","Hispanic Women Average","Hispanic Women 50-10 ratio","Hispanic Women 95-50 ratio","Hispanic Women 90-50 ratio","Hispanic Women Log 50-10 ratio","Hispanic Women Log 95-50 ratio","Hispanic Women Log 90-50 ratio"
"2017","$9.90","$11.40","$13.44","$15.56","$18.28","$21.74","$26.07","$32.96","$45.66","$59.95","$24.62","1.85","3.28","2.50","0.61","1.19","0.92","$10.04","$12.05","$14.64","$17.00","$19.97","$23.94","$28.74","$36.02","$49.95","$70.72","$27.08","1.99","3.54","2.50","0.69","1.26","0.92","$9.33","$10.88","$12.43","$14.59","$16.79","$19.85","$23.88","$29.39","$39.96","$50.99","$21.96","1.80","3.04","2.38","0.59","1.11","0.87","$10.03","$12.25","$14.94","$17.34","$20.10","$24.02","$28.75","$35.76","$48.06","$66.17","$26.74","2.00","3.29","2.39","0.70","1.19","0.87","$8.95","$10.06","$11.58","$13.01","$14.99","$17.08","$20.05","$25.03","$33.81","$43.68","$19.36","1.67","2.91","2.26","0.52","1.07","0.81","$9.39","$10.39","$11.62","$12.96","$14.94","$16.87","$19.89","$24.07","$33.05","$43.18","$18.96","1.59","2.89","2.21","0.46","1.06","0.79","$10.63","$13.56","$16.08","$19.23","$22.50","$26.49","$31.57","$39.24","$53.99","$82.58","$29.70","2.12","3.67","2.40","0.75","1.30","0.88","$9.05","$10.12","$11.93","$13.52","$15.33","$17.97","$21.02","$26.18","$36.00","$47.96","$20.33","1.69","3.13","2.35","0.53","1.14","0.85","$9.92","$10.93","$12.08","$14.00","$15.56","$17.95","$20.49","$25.24","$35.01","$45.87","$20.20","1.57","2.95","2.25","0.45","1.08","0.81","$9.83","$11.47","$13.62","$15.68","$18.26","$21.61","$25.46","$31.37","$42.26","$54.90","$23.55","1.86","3.01","2.31","0.62","1.10","0.84","$8.89","$10.00","$11.16","$12.77","$14.61","$16.75","$19.36","$24.07","$32.49","$40.80","$18.53","1.64","2.79","2.22","0.50","1.03","0.80","$8.94","$10.01","$10.93","$12.00","$13.50","$15.15","$17.99","$22.00","$30.04","$39.88","$17.34","1.51","2.95","2.23","0.41","1.08","0.80"
"2016","$9.54","$11.14","$13.19","$15.35","$18.24","$21.45","$25.62","$32.57","$44.79","$59.10","$24.50","1.91","3.24","2.46","0.65","1.18","0.90","$10.12","$12.13","$14.31","$16.67","$19.74","$23.53","$28.47","$35.73","$49.09","$71.34","$27.10","1.95","3.61","2.49","0.67","1.28","0.91","$9.17","$10.31","$12.26","$14.33","$16.42","$19.56","$23.47","$29.33","$39.42","$50.97","$21.69","1.79","3.10","2.40","0.58","1.13","0.88","$10.10","$12.17","$14.46","$17.10","$20.21","$23.62","$28.51","$35.32","$48.32","$63.95","$26.51","2.00","3.16","2.39","0.69","1.15","0.87","$8.79","$10.16","$11.28","$13.17","$15.24","$17.37","$20.41","$25.27","$34.36","$44.27","$19.46","1.73","2.90","2.25","0.55","1.07","0.81","$9.16","$10.21","$11.23","$12.66","$14.42","$16.38","$19.40","$23.61","$32.60","$42.97","$18.79","1.57","2.98","2.26","0.45","1.09","0.82","$10.25","$13.07","$15.75","$18.85","$22.32","$25.75","$31.32","$39.29","$54.07","$88.12","$29.67","2.18","3.95","2.42","0.78","1.37","0.88","$9.08","$10.26","$12.12","$13.74","$15.44","$18.32","$21.57","$25.64","$35.67","$47.04","$20.59","1.70","3.05","2.31","0.53","1.11","0.84","$9.59","$10.31","$12.18","$13.39","$15.35","$17.57","$20.47","$25.51","$34.57","$44.89","$20.12","1.60","2.92","2.25","0.47","1.07","0.81","$9.37","$11.18","$13.25","$15.37","$18.08","$21.16","$25.47","$31.31","$41.56","$53.21","$23.13","1.93","2.94","2.30","0.66","1.08","0.83","$8.70","$10.10","$10.84","$12.47","$14.53","$16.65","$19.60","$24.13","$31.94","$43.00","$18.48","1.67","2.96","2.20","0.51","1.08","0.79","$8.71","$10.10","$10.33","$11.76","$13.23","$15.25","$17.55","$21.30","$29.44","$39.44","$17.03","1.52","2.98","2.23","0.42","1.09","0.80"
"2015","$9.27","$10.47","$12.82","$15.40","$17.70","$20.83","$25.74","$31.96","$43.78","$58.09","$23.96","1.91","3.28","2.47","0.65","1.19","0.91","$9.68","$11.45","$13.90","$16.45","$19.59","$23.02","$27.86","$35.12","$49.52","$67.28","$26.46","2.02","3.43","2.53","0.70","1.23","0.93","$8.90","$10.30","$11.93","$13.97","$16.21","$19.21","$22.94","$28.79","$38.90","$49.67","$21.26","1.82","3.06","2.40","0.60","1.12","0.88","$9.61","$11.66","$14.33","$16.65","$19.81","$23.25","$27.86","$34.90","$47.36","$63.17","$25.98","2.06","3.19","2.39","0.72","1.16","0.87","$8.49","$9.84","$10.93","$12.65","$14.69","$16.79","$20.47","$24.87","$33.83","$43.52","$19.06","1.73","2.96","2.30","0.55","1.09","0.83","$8.84","$9.86","$10.52","$12.36","$13.96","$15.64","$18.68","$23.04","$31.13","$40.67","$18.17","1.58","2.91","2.23","0.46","1.07","0.80","$10.28","$12.84","$15.55","$18.58","$21.75","$25.80","$30.96","$38.72","$52.44","$88.10","$29.10","2.12","4.05","2.41","0.75","1.40","0.88","$8.76","$10.26","$11.48","$13.35","$15.43","$17.66","$21.05","$25.85","$34.96","$44.75","$19.94","1.76","2.90","2.27","0.57","1.06","0.82","$9.23","$10.30","$11.41","$12.97","$14.98","$16.86","$19.99","$24.80","$33.15","$43.15","$19.32","1.62","2.88","2.21","0.48","1.06","0.79","$9.24","$10.66","$12.88","$15.41","$17.61","$20.71","$24.85","$30.83","$40.45","$51.75","$22.64","1.91","2.94","2.30","0.64","1.08","0.83","$8.37","$9.46","$10.47","$12.35","$14.19","$16.32","$19.63","$23.89","$32.38","$42.41","$18.33","1.70","2.99","2.28","0.53","1.09","0.83","$8.38","$9.37","$10.30","$11.34","$12.53","$14.83","$17.11","$20.80","$28.76","$37.32","$16.65","1.50","2.98","2.30","0.40","1.09","0.83"
"2014","$8.93","$10.41","$12.48","$14.98","$17.47","$20.68","$24.88","$31.03","$42.13","$54.92","$23.04","1.96","3.14","2.41","0.67","1.15","0.88","$9.35","$11.28","$13.54","$16.02","$19.04","$22.59","$26.96","$33.93","$46.49","$62.03","$25.26","2.04","3.26","2.44","0.71","1.18","0.89","$8.52","$10.18","$11.52","$13.53","$15.65","$18.72","$22.60","$27.97","$37.39","$48.65","$20.64","1.84","3.11","2.39","0.61","1.13","0.87","$9.32","$11.39","$13.94","$16.37","$19.40","$22.73","$27.03","$33.27","$44.82","$59.70","$24.87","2.08","3.08","2.31","0.73","1.12","0.84","$8.36","$9.68","$10.76","$12.45","$14.48","$16.60","$19.93","$24.75","$32.40","$42.66","$18.66","1.73","2.95","2.24","0.55","1.08","0.81","$8.37","$9.42","$10.39","$11.88","$13.47","$15.55","$18.30","$22.49","$30.95","$39.83","$17.49","1.61","2.96","2.30","0.48","1.08","0.83","$10.21","$12.52","$15.50","$18.24","$21.18","$24.96","$29.81","$37.19","$49.74","$69.73","$27.66","2.07","3.29","2.35","0.73","1.19","0.85","$8.44","$10.08","$11.29","$13.00","$15.13","$17.62","$20.71","$25.27","$33.90","$44.66","$19.34","1.79","2.95","2.24","0.58","1.08","0.81","$8.74","$10.14","$10.83","$12.48","$14.48","$16.49","$19.38","$23.73","$32.32","$41.50","$18.48","1.66","2.87","2.23","0.50","1.05","0.80","$8.80","$10.41","$12.49","$14.94","$17.25","$20.37","$24.30","$29.82","$39.78","$49.79","$21.91","1.96","2.89","2.31","0.67","1.06","0.84","$8.32","$9.42","$10.44","$12.31","$13.81","$15.74","$19.22","$23.78","$31.30","$41.58","$18.09","1.66","3.01","2.27","0.51","1.10","0.82","$8.26","$9.23","$10.08","$10.85","$12.45","$14.48","$16.73","$20.77","$27.98","$36.74","$16.17","1.51","2.95","2.25","0.41","1.08","0.81"
"2013","$8.87","$10.52","$12.60","$14.85","$17.54","$20.80","$25.18","$31.36","$42.53","$55.38","$23.16","1.98","3.16","2.42","0.68","1.15","0.89","$9.37","$10.97","$13.55","$15.90","$19.01","$22.74","$27.25","$34.26","$47.33","$63.07","$25.55","2.03","3.32","2.49","0.71","1.20","0.91","$8.51","$10.06","$11.64","$13.68","$15.85","$18.89","$22.62","$27.94","$37.45","$47.97","$20.59","1.86","3.03","2.36","0.62","1.11","0.86","$9.37","$11.41","$13.76","$16.31","$19.34","$22.85","$27.23","$33.63","$45.49","$60.34","$25.07","2.06","3.12","2.35","0.72","1.14","0.86","$8.45","$9.76","$10.97","$12.66","$14.79","$16.91","$19.97","$24.69","$32.98","$42.13","$18.72","1.75","2.85","2.23","0.56","1.05","0.80","$8.40","$9.42","$10.48","$11.60","$13.22","$15.67","$18.07","$22.32","$30.38","$40.01","$17.36","1.57","3.03","2.30","0.45","1.11","0.83","$9.90","$12.58","$15.59","$18.20","$21.14","$25.25","$30.23","$37.40","$50.60","$74.32","$28.08","2.14","3.52","2.39","0.76","1.26","0.87","$8.54","$10.29","$11.52","$13.12","$15.70","$17.75","$20.87","$25.32","$34.55","$43.25","$19.62","1.84","2.75","2.20","0.61","1.01","0.79","$8.51","$9.61","$10.59","$12.50","$13.80","$15.89","$18.98","$23.66","$32.63","$42.16","$18.35","1.62","3.06","2.36","0.48","1.12","0.86","$8.81","$10.54","$12.63","$14.83","$17.33","$20.31","$24.26","$30.09","$39.48","$50.42","$21.87","1.97","2.91","2.28","0.68","1.07","0.82","$8.40","$9.51","$10.59","$12.52","$14.21","$16.10","$18.98","$23.77","$32.28","$40.53","$17.97","1.69","2.85","2.27","0.53","1.05","0.82","$8.28","$8.97","$9.92","$10.76","$12.58","$14.47","$16.80","$20.46","$27.80","$36.32","$16.01","1.52","2.89","2.21","0.42","1.06","0.79"
"2012","$8.77","$10.62","$12.71","$14.93","$17.40","$20.67","$25.07","$30.81","$42.23","$54.60","$23.08","1.98","3.14","2.43","0.69","1.14","0.89","$9.30","$10.97","$13.54","$16.07","$19.23","$22.75","$27.16","$34.18","$46.73","$63.53","$25.57","2.07","3.30","2.43","0.73","1.20","0.89","$8.54","$9.93","$11.61","$13.53","$15.97","$18.65","$22.37","$27.63","$37.17","$47.31","$20.41","1.87","2.96","2.33","0.63","1.09","0.84","$9.19","$11.18","$13.83","$16.17","$19.29","$22.79","$26.80","$33.37","$45.19","$59.23","$24.98","2.10","3.07","2.34","0.74","1.12","0.85","$8.48","$9.70","$10.96","$12.80","$14.59","$16.90","$20.46","$24.61","$32.60","$41.66","$18.70","1.72","2.86","2.23","0.54","1.05","0.80","$8.48","$9.36","$10.57","$11.64","$13.26","$15.51","$18.09","$21.64","$30.19","$39.02","$17.21","1.56","2.94","2.28","0.45","1.08","0.82","$9.74","$12.74","$15.51","$18.25","$21.38","$25.54","$30.54","$37.36","$51.21","$71.85","$28.06","2.20","3.36","2.40","0.79","1.21","0.87","$8.63","$10.20","$11.64","$13.32","$15.38","$18.13","$21.47","$25.94","$34.11","$43.35","$19.71","1.78","2.82","2.22","0.58","1.04","0.80","$8.58","$9.64","$10.71","$12.42","$13.96","$16.08","$19.14","$23.25","$31.72","$41.16","$18.15","1.63","2.95","2.27","0.49","1.08","0.82","$8.67","$10.59","$12.68","$14.89","$17.15","$20.40","$24.32","$29.52","$39.08","$50.08","$21.68","1.98","2.92","2.28","0.68","1.07","0.82","$8.36","$9.53","$10.73","$12.34","$13.90","$16.05","$19.27","$23.33","$31.00","$40.98","$17.88","1.66","2.95","2.23","0.51","1.08","0.80","$8.20","$8.91","$9.73","$10.74","$12.65","$14.18","$16.66","$20.47","$27.86","$36.28","$15.97","1.54","2.87","2.20","0.43","1.05","0.79"
"2011","$8.88","$10.82","$12.80","$15.17","$17.50","$20.91","$25.05","$31.24","$41.94","$53.87","$22.92","1.97","3.08","2.40","0.68","1.12","0.87","$9.31","$11.00","$13.59","$16.32","$19.24","$22.61","$27.25","$33.77","$46.21","$60.38","$25.14","2.07","3.14","2.40","0.73","1.14","0.88","$8.71","$10.13","$11.87","$13.81","$16.28","$18.82","$22.52","$27.52","$37.19","$47.07","$20.54","1.87","2.89","2.28","0.63","1.06","0.83","$9.26","$11.19","$13.85","$16.39","$19.38","$22.75","$27.20","$32.99","$44.36","$57.63","$24.67","2.09","2.97","2.29","0.74","1.09","0.83","$8.67","$9.90","$11.01","$13.01","$14.94","$16.93","$20.14","$24.13","$32.35","$41.98","$18.73","1.72","2.81","2.17","0.54","1.03","0.77","$8.62","$9.39","$10.76","$11.62","$13.20","$15.38","$18.13","$22.00","$30.35","$38.65","$17.20","1.53","2.93","2.30","0.43","1.07","0.83","$9.84","$12.56","$15.46","$18.29","$21.58","$25.11","$30.03","$36.90","$50.30","$65.98","$27.47","2.19","3.06","2.33","0.79","1.12","0.85","$8.75","$10.41","$11.51","$13.20","$15.49","$18.05","$21.00","$25.92","$32.88","$44.32","$19.55","1.77","2.86","2.12","0.57","1.05","0.75","$8.70","$9.74","$10.87","$12.07","$13.88","$16.26","$19.04","$23.63","$31.41","$40.79","$17.96","1.60","2.94","2.26","0.47","1.08","0.82","$8.81","$10.80","$12.67","$15.04","$17.35","$20.45","$24.25","$29.55","$39.10","$48.99","$21.72","1.97","2.82","2.25","0.68","1.04","0.81","$8.61","$9.79","$10.91","$12.51","$14.24","$16.35","$19.11","$23.15","$31.29","$40.62","$18.06","1.65","2.85","2.20","0.50","1.05","0.79","$8.29","$9.05","$9.91","$10.98","$12.90","$14.40","$16.87","$20.81","$27.69","$36.45","$16.12","1.56","2.83","2.15","0.44","1.04","0.76"
"2010","$9.10","$11.14","$13.02","$15.51","$17.99","$21.49","$25.72","$31.57","$42.88","$54.31","$23.46","1.98","3.02","2.38","0.68","1.10","0.87","$9.58","$11.35","$14.07","$16.84","$19.73","$23.41","$28.04","$34.51","$47.24","$62.10","$25.91","2.06","3.15","2.39","0.72","1.15","0.87","$8.94","$10.29","$11.94","$14.01","$16.46","$19.21","$22.71","$28.12","$37.92","$47.74","$20.88","1.84","2.90","2.30","0.61","1.06","0.83","$9.49","$11.38","$14.11","$16.84","$19.75","$23.09","$27.84","$33.71","$45.06","$58.37","$25.23","2.08","2.96","2.28","0.73","1.08","0.82","$8.92","$10.23","$11.38","$13.43","$15.41","$17.50","$20.85","$25.20","$32.88","$40.88","$19.02","1.73","2.65","2.13","0.55","0.98","0.76","$8.84","$9.60","$10.79","$11.77","$13.56","$15.79","$18.23","$22.48","$30.42","$40.36","$17.76","1.53","2.98","2.24","0.43","1.09","0.81","$10.15","$13.04","$16.14","$19.00","$22.35","$25.93","$30.58","$37.92","$51.47","$67.54","$28.35","2.20","3.02","2.30","0.79","1.11","0.83","$9.03","$10.72","$12.08","$13.94","$16.18","$18.19","$21.68","$25.99","$33.81","$43.30","$19.83","1.79","2.68","2.09","0.58","0.98","0.74","$8.95","$10.05","$11.21","$12.43","$14.28","$16.77","$19.19","$23.96","$32.52","$42.80","$18.79","1.60","3.00","2.28","0.47","1.10","0.82","$9.04","$11.02","$12.85","$15.08","$17.48","$20.67","$24.51","$29.75","$39.37","$49.70","$22.02","1.93","2.84","2.25","0.66","1.04","0.81","$8.85","$10.08","$11.28","$12.95","$14.64","$16.87","$20.16","$24.36","$32.32","$39.34","$18.37","1.65","2.69","2.21","0.50","0.99","0.79","$8.41","$9.15","$10.12","$11.23","$12.72","$14.56","$16.92","$20.97","$28.05","$36.10","$16.31","1.51","2.84","2.21","0.41","1.04","0.79"
"2009","$9.19","$11.32","$13.23","$15.68","$18.25","$21.76","$25.83","$31.93","$42.79","$54.86","$23.59","1.99","3.01","2.34","0.69","1.10","0.85","$9.71","$11.65","$14.36","$17.15","$20.42","$23.89","$28.53","$35.16","$47.41","$62.90","$26.28","2.10","3.08","2.32","0.74","1.13","0.84","$9.02","$10.40","$12.09","$14.15","$16.60","$19.34","$22.89","$28.44","$37.44","$46.78","$20.78","1.84","2.82","2.26","0.61","1.04","0.81","$9.56","$11.58","$14.24","$17.08","$19.90","$23.15","$27.70","$34.16","$45.29","$58.27","$25.32","2.08","2.93","2.28","0.73","1.07","0.82","$9.02","$10.34","$11.55","$13.65","$15.57","$17.68","$20.91","$25.23","$32.87","$41.18","$19.13","1.73","2.64","2.11","0.55","0.97","0.75","$8.66","$9.72","$11.12","$12.22","$13.85","$16.09","$18.92","$22.92","$31.25","$40.10","$17.98","1.60","2.90","2.26","0.47","1.06","0.81","$10.32","$13.30","$16.37","$19.30","$22.73","$26.34","$30.98","$38.44","$51.70","$68.57","$28.73","2.20","3.02","2.27","0.79","1.10","0.82","$9.12","$10.84","$12.42","$14.30","$16.48","$18.69","$22.01","$26.40","$34.38","$43.89","$20.12","1.81","2.66","2.09","0.59","0.98","0.74","$9.05","$10.24","$11.44","$13.10","$14.78","$17.10","$20.04","$24.67","$32.95","$42.85","$19.05","1.63","2.90","2.23","0.49","1.06","0.80","$9.12","$11.08","$12.87","$14.98","$17.55","$20.59","$24.32","$29.69","$39.14","$49.14","$21.83","1.92","2.80","2.23","0.65","1.03","0.80","$8.79","$10.20","$11.41","$12.98","$14.80","$17.12","$19.94","$24.31","$31.90","$39.45","$18.34","1.68","2.67","2.16","0.52","0.98","0.77","$8.39","$9.21","$10.25","$11.40","$13.00","$14.88","$17.25","$21.20","$28.54","$36.41","$16.47","1.55","2.80","2.20","0.44","1.03","0.79"
"2008","$9.13","$11.26","$13.11","$15.43","$17.90","$21.14","$25.13","$31.02","$41.58","$53.91","$23.03","1.96","3.01","2.32","0.67","1.10","0.84","$9.72","$11.53","$14.21","$17.01","$19.72","$22.95","$27.79","$34.19","$46.06","$59.65","$25.50","2.03","3.02","2.34","0.71","1.11","0.85","$8.74","$10.30","$11.93","$13.85","$16.40","$18.98","$22.59","$27.46","$36.52","$46.01","$20.37","1.88","2.81","2.23","0.63","1.03","0.80","$9.46","$11.52","$14.17","$16.95","$19.47","$22.81","$27.30","$33.03","$43.92","$56.10","$24.69","2.06","2.88","2.26","0.72","1.06","0.81","$8.68","$10.20","$11.41","$13.20","$14.85","$17.11","$20.03","$24.71","$32.65","$40.84","$18.59","1.71","2.75","2.20","0.54","1.01","0.79","$8.60","$9.67","$11.00","$12.16","$13.77","$16.02","$18.64","$22.73","$29.95","$38.53","$17.54","1.60","2.80","2.18","0.47","1.03","0.78","$10.34","$13.21","$16.02","$18.92","$21.98","$25.69","$30.30","$37.25","$49.29","$65.69","$27.80","2.13","2.99","2.24","0.75","1.09","0.81","$9.07","$10.57","$11.84","$13.77","$15.93","$18.14","$21.35","$26.00","$33.27","$42.44","$19.50","1.76","2.66","2.09","0.56","0.98","0.74","$9.05","$10.24","$11.40","$12.98","$14.68","$16.99","$19.50","$23.78","$31.98","$40.99","$18.55","1.62","2.79","2.18","0.48","1.03","0.78","$9.03","$10.89","$12.75","$14.88","$17.17","$20.05","$23.86","$28.89","$38.41","$48.12","$21.42","1.90","2.80","2.24","0.64","1.03","0.81","$8.48","$9.84","$11.27","$12.52","$14.18","$16.50","$19.10","$23.28","$31.08","$39.36","$17.84","1.67","2.78","2.19","0.51","1.02","0.78","$8.09","$9.12","$10.17","$11.36","$12.91","$14.79","$17.22","$21.03","$27.42","$35.45","$16.07","1.60","2.75","2.12","0.47","1.01","0.75"
"2007","$9.31","$11.18","$13.04","$15.31","$17.80","$21.20","$25.15","$30.95","$41.41","$53.60","$22.97","1.91","3.01","2.33","0.65","1.10","0.84","$9.59","$11.86","$14.25","$17.05","$19.86","$23.50","$27.84","$34.05","$45.56","$59.01","$25.41","2.07","2.97","2.29","0.73","1.09","0.83","$8.77","$10.46","$11.89","$14.09","$16.24","$18.87","$22.66","$27.70","$36.61","$45.59","$20.32","1.85","2.81","2.25","0.62","1.03","0.81","$9.51","$11.83","$14.21","$16.82","$19.67","$22.87","$27.19","$33.29","$44.33","$56.68","$24.66","2.07","2.88","2.25","0.73","1.06","0.81","$8.81","$10.48","$11.79","$13.39","$14.93","$17.46","$20.28","$24.32","$32.75","$40.81","$18.78","1.69","2.73","2.19","0.53","1.01","0.79","$8.55","$9.52","$10.74","$11.90","$14.04","$15.75","$18.26","$22.67","$29.70","$39.12","$17.44","1.64","2.79","2.12","0.50","1.02","0.75","$10.58","$13.18","$16.20","$18.88","$22.20","$25.79","$30.29","$36.96","$49.51","$65.09","$27.77","2.10","2.93","2.23","0.74","1.08","0.80","$9.12","$10.73","$11.93","$14.12","$15.95","$18.22","$21.43","$25.59","$34.01","$42.58","$19.62","1.75","2.67","2.13","0.56","0.98","0.76","$8.89","$10.09","$11.71","$12.74","$14.32","$16.64","$19.22","$23.66","$31.36","$40.68","$18.31","1.61","2.84","2.19","0.48","1.04","0.78","$8.96","$10.79","$12.71","$14.78","$17.28","$20.13","$23.70","$29.08","$37.93","$47.26","$21.34","1.93","2.73","2.20","0.66","1.01","0.79","$8.52","$9.99","$11.67","$12.90","$14.33","$16.61","$19.37","$23.57","$31.32","$39.75","$18.06","1.68","2.77","2.19","0.52","1.02","0.78","$8.16","$9.04","$10.07","$11.29","$12.69","$14.36","$17.10","$20.75","$28.32","$36.88","$16.15","1.56","2.91","2.23","0.44","1.07","0.80"
"2006","$9.12","$11.04","$12.95","$15.26","$18.11","$20.86","$24.69","$30.45","$41.17","$52.51","$22.75","1.99","2.90","2.27","0.69","1.06","0.82","$9.71","$12.10","$14.48","$16.96","$19.56","$23.25","$27.41","$33.94","$45.63","$58.35","$25.12","2.01","2.98","2.33","0.70","1.09","0.85","$8.60","$10.37","$12.12","$13.99","$16.11","$18.80","$22.27","$27.26","$36.25","$45.52","$20.16","1.87","2.83","2.25","0.63","1.04","0.81","$9.63","$12.05","$14.34","$16.86","$19.45","$22.88","$26.78","$32.76","$43.66","$55.87","$24.37","2.02","2.87","2.24","0.70","1.06","0.81","$8.60","$10.29","$12.02","$13.33","$15.20","$17.66","$20.62","$24.93","$32.73","$41.48","$18.82","1.77","2.73","2.15","0.57","1.00","0.77","$8.41","$9.66","$10.88","$12.14","$13.52","$15.53","$18.19","$21.80","$29.17","$37.55","$17.03","1.61","2.78","2.16","0.47","1.02","0.77","$10.42","$13.26","$15.88","$18.73","$21.86","$25.43","$30.25","$36.49","$48.55","$62.31","$27.39","2.10","2.85","2.22","0.74","1.05","0.80","$9.00","$10.86","$12.22","$14.11","$16.08","$18.34","$21.99","$26.62","$34.08","$42.76","$19.87","1.79","2.66","2.12","0.58","0.98","0.75","$8.64","$9.98","$11.48","$12.30","$14.54","$16.34","$18.80","$22.92","$30.38","$39.35","$17.87","1.68","2.71","2.09","0.52","1.00","0.74","$8.94","$10.94","$12.54","$14.70","$17.22","$19.99","$23.49","$28.71","$37.29","$46.81","$21.13","1.93","2.72","2.17","0.66","1.00","0.77","$8.48","$9.84","$11.26","$12.48","$14.62","$16.93","$19.56","$23.47","$31.53","$40.23","$17.94","1.72","2.75","2.16","0.54","1.01","0.77","$8.00","$8.98","$9.85","$11.09","$12.28","$14.47","$16.83","$20.11","$27.29","$34.97","$15.77","1.53","2.85","2.22","0.43","1.05","0.80"
"2005","$9.03","$11.19","$12.70","$15.14","$17.99","$21.03","$25.01","$30.60","$40.67","$52.13","$22.63","1.99","2.90","2.26","0.69","1.06","0.82","$9.90","$12.05","$14.14","$16.82","$19.59","$23.03","$27.43","$33.40","$45.18","$58.12","$24.99","1.98","2.97","2.31","0.68","1.09","0.84","$8.72","$10.19","$12.25","$13.85","$16.16","$18.82","$22.29","$27.41","$36.02","$45.05","$20.05","1.85","2.79","2.23","0.62","1.03","0.80","$9.54","$12.00","$14.12","$16.65","$19.45","$22.67","$26.86","$32.62","$43.39","$55.24","$24.30","2.04","2.84","2.23","0.71","1.04","0.80","$8.73","$10.11","$11.42","$12.89","$14.98","$17.29","$20.14","$24.31","$31.52","$40.13","$18.39","1.72","2.68","2.10","0.54","0.99","0.74","$8.46","$9.50","$10.71","$12.36","$13.30","$15.18","$18.11","$21.79","$28.97","$37.56","$16.89","1.57","2.82","2.18","0.45","1.04","0.78","$10.38","$13.04","$16.02","$18.84","$21.73","$25.17","$30.09","$36.20","$48.40","$61.80","$27.29","2.09","2.84","2.23","0.74","1.05","0.80","$8.85","$10.60","$12.42","$13.82","$15.68","$18.27","$21.27","$25.23","$33.24","$41.67","$19.33","1.77","2.66","2.12","0.57","0.98","0.75","$8.74","$10.01","$11.27","$12.55","$13.94","$16.17","$18.82","$22.86","$31.24","$39.12","$17.79","1.59","2.81","2.24","0.47","1.03","0.81","$8.88","$10.98","$12.64","$14.98","$17.32","$20.03","$23.78","$28.84","$37.53","$46.88","$21.10","1.95","2.71","2.17","0.67","1.00","0.77","$8.54","$9.97","$11.19","$12.52","$14.12","$16.28","$18.94","$23.59","$31.10","$37.81","$17.60","1.65","2.68","2.20","0.50","0.98","0.79","$7.84","$8.88","$10.01","$11.25","$12.54","$14.18","$16.42","$20.14","$26.82","$33.76","$15.54","1.60","2.69","2.14","0.47","0.99","0.76"
"2004","$9.19","$11.28","$13.04","$15.54","$18.15","$21.11","$25.08","$31.02","$40.68","$51.91","$22.79","1.97","2.86","2.24","0.68","1.05","0.81","$9.84","$12.21","$14.35","$16.97","$19.83","$23.41","$27.68","$33.76","$46.01","$58.97","$25.33","2.02","2.97","2.32","0.70","1.09","0.84","$8.94","$10.43","$12.27","$14.15","$16.22","$18.93","$22.23","$27.27","$35.92","$44.62","$20.04","1.81","2.75","2.21","0.60","1.01","0.80","$9.69","$12.02","$14.28","$16.84","$19.54","$22.95","$27.04","$32.53","$43.83","$55.36","$24.40","2.02","2.83","2.24","0.70","1.04","0.81","$8.96","$10.40","$11.83","$13.46","$15.60","$18.06","$20.77","$25.07","$32.46","$40.22","$18.84","1.74","2.58","2.08","0.55","0.95","0.73","$8.69","$9.69","$10.54","$12.20","$13.13","$15.55","$18.13","$22.10","$29.05","$37.19","$17.03","1.51","2.83","2.21","0.41","1.04","0.79","$10.45","$13.09","$16.23","$19.36","$22.15","$25.85","$30.10","$37.23","$49.85","$62.33","$27.59","2.12","2.81","2.25","0.75","1.03","0.81","$9.30","$11.09","$12.88","$14.38","$16.56","$19.02","$22.13","$26.21","$33.59","$43.45","$20.03","1.78","2.62","2.03","0.58","0.96","0.71","$8.97","$10.25","$11.50","$12.88","$14.17","$16.10","$18.93","$23.21","$30.42","$38.19","$17.83","1.58","2.70","2.15","0.46","0.99","0.76","$9.10","$11.05","$12.94","$14.93","$17.22","$19.96","$23.52","$28.56","$37.29","$45.84","$20.99","1.89","2.66","2.17","0.64","0.98","0.77","$8.52","$10.11","$11.56","$12.98","$15.01","$16.95","$19.60","$23.72","$31.25","$37.53","$17.85","1.76","2.50","2.08","0.57","0.92","0.73","$8.10","$9.13","$10.25","$11.41","$12.89","$14.41","$16.81","$20.43","$27.32","$34.06","$15.84","1.59","2.64","2.12","0.46","0.97","0.75"
"2003","$9.35","$11.34","$13.32","$15.70","$18.15","$21.23","$25.48","$30.74","$40.74","$51.37","$22.79","1.94","2.83","2.24","0.66","1.04","0.81","$9.98","$12.29","$14.59","$17.17","$20.01","$23.71","$27.98","$34.05","$45.32","$57.65","$25.30","2.01","2.88","2.26","0.70","1.06","0.82","$8.98","$10.63","$12.29","$14.07","$16.14","$19.10","$22.39","$26.96","$35.40","$44.81","$20.10","1.80","2.78","2.19","0.59","1.02","0.79","$9.76","$12.07","$14.45","$16.78","$19.84","$22.87","$26.88","$33.19","$43.19","$54.60","$24.40","2.03","2.75","2.18","0.71","1.01","0.78","$9.09","$10.64","$12.10","$13.46","$15.83","$17.94","$20.99","$25.49","$32.50","$40.00","$18.89","1.74","2.53","2.05","0.55","0.93","0.72","$8.65","$9.78","$10.77","$12.15","$13.43","$15.83","$18.41","$22.27","$29.24","$37.14","$17.05","1.55","2.77","2.18","0.44","1.02","0.78","$10.65","$13.38","$16.11","$19.22","$22.36","$26.09","$30.61","$37.14","$48.51","$62.57","$27.58","2.10","2.80","2.17","0.74","1.03","0.77","$9.40","$11.29","$13.20","$14.58","$16.21","$19.17","$21.90","$26.40","$33.35","$41.54","$19.79","1.72","2.56","2.06","0.54","0.94","0.72","$9.06","$10.15","$11.42","$13.18","$14.22","$16.11","$19.35","$23.31","$30.62","$38.43","$17.94","1.57","2.70","2.15","0.45","0.99","0.77","$9.23","$11.01","$13.17","$14.91","$17.27","$20.00","$23.54","$28.46","$37.12","$46.46","$21.05","1.87","2.69","2.15","0.63","0.99","0.77","$8.58","$10.15","$11.55","$13.27","$14.78","$17.15","$20.00","$24.37","$31.86","$39.07","$18.14","1.72","2.64","2.16","0.54","0.97","0.77","$8.10","$9.33","$10.38","$11.49","$13.03","$14.52","$16.71","$20.09","$26.89","$34.46","$15.74","1.61","2.64","2.06","0.48","0.97","0.72"
"2002","$9.46","$11.22","$13.52","$15.50","$17.87","$21.03","$25.20","$30.59","$40.70","$52.26","$22.73","1.89","2.92","2.28","0.64","1.07","0.82","$9.97","$12.29","$14.47","$17.07","$20.32","$23.51","$27.58","$33.99","$45.70","$57.30","$25.30","2.04","2.82","2.25","0.71","1.04","0.81","$8.95","$10.70","$12.27","$13.80","$16.26","$18.82","$21.97","$27.02","$34.82","$43.82","$19.94","1.82","2.69","2.14","0.60","0.99","0.76","$9.69","$12.19","$14.28","$16.70","$19.72","$22.93","$27.15","$32.70","$42.90","$54.50","$24.34","2.04","2.76","2.18","0.71","1.02","0.78","$9.00","$10.70","$12.15","$13.60","$15.31","$17.50","$20.41","$24.70","$31.47","$39.25","$18.57","1.70","2.56","2.06","0.53","0.94","0.72","$8.51","$9.61","$10.87","$12.18","$13.61","$15.19","$17.77","$21.69","$28.55","$36.15","$16.85","1.60","2.66","2.10","0.47","0.98","0.74","$10.82","$13.59","$16.31","$19.16","$22.10","$26.07","$30.19","$36.66","$48.44","$61.48","$27.49","2.04","2.78","2.19","0.71","1.02","0.78","$9.49","$11.01","$12.88","$14.26","$16.37","$18.66","$21.57","$26.04","$32.75","$40.86","$19.59","1.72","2.50","2.00","0.55","0.91","0.69","$9.08","$10.16","$11.35","$12.89","$13.95","$16.33","$19.12","$23.13","$30.17","$39.22","$17.85","1.54","2.81","2.16","0.43","1.03","0.77","$9.34","$11.00","$13.05","$14.97","$17.13","$19.92","$23.35","$28.14","$36.46","$45.99","$20.96","1.83","2.68","2.13","0.61","0.99","0.76","$8.53","$10.12","$11.48","$12.96","$14.48","$16.45","$19.63","$23.36","$30.44","$37.61","$17.71","1.70","2.60","2.10","0.53","0.95","0.74","$8.10","$9.32","$10.12","$11.06","$12.41","$13.80","$16.33","$19.70","$26.04","$33.06","$15.43","1.53","2.66","2.10","0.43","0.98","0.74"
"2001","$9.36","$11.15","$13.29","$15.27","$17.87","$20.81","$24.83","$30.15","$39.82","$50.23","$22.39","1.91","2.81","2.23","0.65","1.03","0.80","$9.84","$12.38","$14.41","$17.16","$20.11","$23.48","$27.65","$33.35","$44.36","$56.21","$24.99","2.04","2.80","2.21","0.71","1.03","0.79","$8.74","$10.41","$12.17","$13.84","$15.84","$18.26","$21.54","$26.38","$34.47","$42.76","$19.56","1.81","2.70","2.18","0.59","0.99","0.78","$9.72","$12.10","$13.99","$16.63","$19.42","$22.51","$26.60","$31.94","$42.05","$53.33","$23.95","2.00","2.75","2.17","0.69","1.01","0.77","$8.77","$10.34","$11.84","$13.38","$15.09","$17.24","$20.12","$24.20","$30.95","$38.57","$18.29","1.72","2.56","2.05","0.54","0.94","0.72","$8.38","$9.61","$10.80","$11.93","$13.70","$15.22","$17.65","$21.42","$27.99","$35.06","$16.57","1.63","2.56","2.04","0.49","0.94","0.71","$10.92","$13.76","$16.47","$19.23","$22.11","$25.74","$30.06","$35.99","$47.67","$59.91","$27.12","2.02","2.71","2.16","0.71","1.00","0.77","$9.51","$11.08","$12.55","$13.93","$16.48","$18.59","$21.42","$25.94","$33.22","$40.32","$19.44","1.73","2.45","2.02","0.55","0.89","0.70","$8.59","$9.81","$11.11","$12.51","$13.91","$16.22","$18.77","$22.71","$29.98","$37.55","$17.44","1.62","2.70","2.16","0.48","0.99","0.77","$9.06","$11.00","$12.70","$14.49","$16.69","$19.48","$22.93","$27.57","$35.70","$44.65","$20.51","1.84","2.68","2.14","0.61","0.98","0.76","$8.48","$9.79","$11.14","$12.55","$13.98","$16.37","$18.98","$22.70","$29.61","$36.40","$17.35","1.65","2.60","2.12","0.50","0.96","0.75","$8.18","$9.04","$9.92","$11.12","$12.52","$13.95","$16.51","$19.62","$26.00","$33.09","$15.31","1.53","2.64","2.08","0.43","0.97","0.73"
"2000","$9.10","$11.17","$12.91","$14.96","$17.41","$20.63","$24.33","$29.76","$38.73","$49.36","$21.98","1.91","2.84","2.22","0.65","1.04","0.80","$9.87","$12.06","$14.29","$17.02","$19.86","$23.09","$27.39","$32.87","$43.79","$54.88","$24.65","2.01","2.76","2.20","0.70","1.02","0.79","$8.59","$10.12","$11.71","$13.56","$15.55","$17.89","$21.26","$25.70","$33.86","$41.28","$19.08","1.81","2.65","2.18","0.59","0.98","0.78","$9.61","$11.61","$14.13","$16.31","$18.89","$22.09","$26.21","$31.50","$41.01","$51.85","$23.44","1.97","2.74","2.17","0.68","1.01","0.78","$8.65","$10.13","$11.55","$13.39","$14.96","$17.15","$20.11","$24.19","$30.87","$37.17","$18.20","1.73","2.48","2.06","0.55","0.91","0.72","$8.31","$9.31","$10.46","$11.49","$12.94","$14.49","$17.19","$21.21","$27.88","$35.51","$16.32","1.56","2.74","2.15","0.44","1.01","0.77","$10.59","$13.50","$16.01","$18.68","$21.68","$25.51","$29.73","$35.55","$46.76","$57.94","$26.71","2.05","2.67","2.16","0.72","0.98","0.77","$9.08","$10.83","$12.73","$14.22","$15.82","$18.41","$21.39","$25.51","$32.20","$39.95","$19.46","1.74","2.53","2.04","0.56","0.93","0.71","$8.50","$9.88","$10.96","$12.22","$14.07","$15.61","$18.33","$22.05","$28.98","$36.93","$17.25","1.66","2.62","2.06","0.50","0.96","0.72","$8.80","$10.67","$12.42","$14.23","$16.30","$18.70","$22.12","$27.21","$34.89","$42.84","$19.91","1.85","2.63","2.14","0.62","0.97","0.76","$8.53","$9.94","$11.29","$12.69","$14.23","$16.14","$19.01","$22.78","$28.83","$35.59","$17.14","1.67","2.50","2.03","0.51","0.92","0.71","$8.01","$8.75","$9.88","$10.77","$12.10","$13.77","$15.80","$19.11","$25.28","$32.73","$14.96","1.51","2.70","2.09","0.41","1.00","0.74"
"1999","$8.92","$10.92","$12.93","$14.81","$17.56","$20.53","$24.19","$29.39","$38.26","$48.15","$21.71","1.97","2.74","2.18","0.68","1.01","0.78","$9.71","$11.90","$14.60","$16.93","$19.76","$22.97","$27.15","$32.57","$42.44","$53.27","$24.39","2.04","2.70","2.15","0.71","0.99","0.76","$8.63","$10.17","$11.69","$13.34","$15.24","$17.70","$21.11","$25.46","$33.21","$41.16","$18.81","1.77","2.70","2.18","0.57","0.99","0.78","$9.40","$11.70","$13.87","$16.14","$18.70","$22.00","$25.83","$31.09","$40.62","$50.71","$23.09","1.99","2.71","2.17","0.69","1.00","0.78","$8.70","$10.19","$11.59","$13.09","$14.73","$16.90","$19.58","$23.66","$30.55","$36.86","$17.82","1.69","2.50","2.07","0.53","0.92","0.73","$8.32","$9.00","$10.29","$11.67","$13.10","$14.77","$17.58","$21.43","$27.92","$35.29","$16.25","1.57","2.69","2.13","0.45","0.99","0.76","$10.40","$13.25","$15.88","$18.51","$21.75","$25.00","$29.30","$35.21","$45.43","$56.72","$26.23","2.09","2.61","2.09","0.74","0.96","0.74","$8.95","$10.84","$12.21","$14.38","$16.06","$17.92","$21.29","$25.52","$32.07","$38.32","$19.14","1.79","2.39","2.00","0.58","0.87","0.69","$8.61","$9.58","$10.93","$11.96","$13.91","$15.75","$18.55","$22.26","$29.43","$36.93","$17.32","1.62","2.65","2.12","0.48","0.98","0.75","$8.78","$10.42","$12.14","$14.15","$16.17","$18.60","$22.03","$26.68","$34.28","$42.45","$19.65","1.84","2.63","2.12","0.61","0.97","0.75","$8.39","$9.55","$10.76","$11.94","$13.66","$15.64","$18.18","$22.07","$29.39","$35.78","$16.71","1.63","2.62","2.15","0.49","0.96","0.77","$7.87","$8.76","$9.53","$10.47","$11.87","$13.55","$16.02","$19.15","$25.16","$31.38","$14.75","1.51","2.64","2.12","0.41","0.97","0.75"
"1998","$8.89","$10.60","$12.46","$14.87","$17.05","$19.95","$23.72","$28.81","$37.49","$46.87","$21.20","1.92","2.75","2.20","0.65","1.01","0.79","$9.31","$11.87","$14.00","$16.46","$19.29","$22.55","$26.46","$31.82","$41.81","$51.88","$23.69","2.07","2.69","2.17","0.73","0.99","0.77","$8.39","$9.81","$11.36","$13.19","$15.04","$17.43","$20.69","$25.11","$32.53","$39.84","$18.47","1.79","2.65","2.16","0.58","0.97","0.77","$9.10","$11.31","$13.49","$15.61","$18.17","$21.62","$25.33","$30.20","$39.30","$49.27","$22.52","2.00","2.71","2.16","0.69","1.00","0.77","$8.41","$9.76","$11.16","$12.70","$14.60","$16.56","$19.43","$23.42","$29.89","$36.20","$17.49","1.74","2.48","2.05","0.55","0.91","0.72","$8.02","$9.01","$10.24","$11.35","$12.85","$14.89","$17.05","$21.03","$27.74","$34.47","$16.02","1.60","2.68","2.16","0.47","0.99","0.77","$10.35","$12.83","$15.16","$18.08","$21.10","$24.31","$28.72","$34.31","$44.04","$55.29","$25.52","2.04","2.62","2.09","0.71","0.96","0.74","$8.91","$10.52","$12.03","$13.62","$15.19","$18.01","$21.06","$25.17","$30.27","$37.75","$18.61","1.70","2.49","1.99","0.53","0.91","0.69","$8.34","$9.25","$10.60","$12.00","$13.55","$15.16","$18.09","$22.46","$29.57","$36.19","$16.97","1.62","2.67","2.18","0.49","0.98","0.78","$8.63","$10.37","$11.98","$13.68","$15.71","$18.16","$21.71","$25.98","$33.56","$41.48","$19.24","1.82","2.64","2.14","0.60","0.97","0.76","$8.17","$9.21","$10.55","$11.97","$13.61","$15.21","$18.08","$22.36","$28.46","$34.67","$16.53","1.67","2.55","2.09","0.51","0.94","0.74","$7.84","$8.72","$9.38","$10.54","$11.93","$13.54","$15.46","$18.89","$25.20","$30.23","$14.63","1.52","2.53","2.11","0.42","0.93","0.75"
"1997","$8.39","$10.36","$12.14","$14.17","$16.60","$19.30","$22.93","$27.96","$36.45","$45.41","$20.52","1.98","2.74","2.20","0.68","1.01","0.79","$9.10","$11.30","$13.60","$15.75","$18.46","$22.04","$25.84","$30.71","$40.21","$50.85","$22.92","2.03","2.75","2.18","0.71","1.01","0.78","$7.96","$9.32","$10.86","$12.59","$14.63","$16.86","$19.87","$24.25","$31.46","$38.23","$17.89","1.84","2.61","2.15","0.61","0.96","0.77","$8.96","$10.82","$13.01","$15.24","$17.88","$20.89","$24.48","$29.48","$38.08","$47.53","$21.78","2.00","2.66","2.13","0.69","0.98","0.76","$7.87","$9.23","$10.69","$12.14","$13.74","$15.66","$18.42","$22.29","$28.80","$34.98","$16.76","1.75","2.55","2.10","0.56","0.93","0.74","$7.65","$8.63","$9.56","$10.78","$12.25","$14.19","$16.62","$20.00","$27.29","$33.62","$15.43","1.60","2.74","2.23","0.47","1.01","0.80","$9.76","$12.30","$15.14","$17.61","$20.52","$23.72","$27.61","$33.21","$42.71","$54.16","$24.66","2.10","2.64","2.08","0.74","0.97","0.73","$8.25","$9.89","$11.37","$12.86","$14.89","$16.88","$19.74","$23.58","$30.22","$37.69","$17.91","1.80","2.53","2.03","0.59","0.93","0.71","$7.77","$9.06","$10.10","$11.44","$13.02","$15.13","$17.56","$21.52","$28.90","$35.06","$16.26","1.68","2.69","2.22","0.52","0.99","0.80","$8.19","$9.85","$11.51","$13.39","$15.26","$17.78","$21.00","$25.43","$32.54","$39.92","$18.65","1.86","2.62","2.13","0.62","0.96","0.76","$7.75","$9.00","$10.11","$11.44","$13.04","$15.07","$17.48","$21.17","$27.20","$33.15","$15.77","1.68","2.54","2.09","0.52","0.93","0.74","$7.53","$8.12","$9.09","$10.04","$11.37","$13.01","$15.19","$18.35","$24.46","$30.57","$14.15","1.51","2.69","2.15","0.41","0.99","0.77"
"1996","$8.05","$10.05","$11.90","$13.99","$16.19","$18.96","$22.87","$27.69","$35.80","$44.70","$20.15","2.01","2.76","2.21","0.70","1.02","0.79","$8.88","$11.00","$13.27","$15.61","$18.55","$21.71","$25.44","$30.73","$39.11","$49.60","$22.50","2.09","2.67","2.11","0.74","0.98","0.75","$7.79","$9.32","$10.87","$12.48","$14.34","$16.70","$19.64","$24.02","$31.08","$38.27","$17.58","1.84","2.67","2.17","0.61","0.98","0.77","$8.57","$10.79","$12.61","$15.06","$17.40","$20.34","$24.18","$29.36","$37.48","$46.72","$21.34","2.03","2.69","2.15","0.71","0.99","0.77","$7.72","$9.15","$10.49","$11.74","$13.60","$15.60","$18.56","$22.39","$28.01","$34.19","$16.34","1.76","2.51","2.06","0.57","0.92","0.72","$7.47","$8.36","$9.45","$10.84","$12.34","$14.04","$16.21","$20.09","$26.70","$32.83","$15.23","1.65","2.66","2.16","0.50","0.98","0.77","$9.47","$12.30","$14.75","$17.16","$20.07","$23.35","$27.20","$32.53","$42.03","$53.13","$24.15","2.12","2.65","2.09","0.75","0.97","0.74","$7.82","$9.45","$10.96","$12.46","$14.43","$16.78","$19.65","$23.39","$29.59","$36.00","$17.29","1.85","2.49","2.05","0.61","0.91","0.72","$7.64","$8.67","$9.78","$11.08","$12.58","$14.68","$17.13","$21.46","$28.09","$34.84","$15.94","1.65","2.77","2.23","0.50","1.02","0.80","$7.90","$9.53","$11.29","$13.04","$15.16","$17.50","$20.53","$25.07","$32.04","$39.04","$18.28","1.92","2.58","2.11","0.65","0.95","0.75","$7.65","$8.69","$9.89","$11.08","$12.73","$14.75","$17.21","$20.81","$26.48","$32.47","$15.52","1.66","2.55","2.08","0.51","0.94","0.73","$7.14","$7.92","$9.18","$10.15","$11.52","$13.06","$15.43","$18.52","$24.28","$30.28","$14.17","1.61","2.63","2.11","0.48","0.97","0.75"
"1995","$8.09","$9.91","$11.89","$14.00","$16.11","$19.17","$22.89","$27.52","$35.71","$44.59","$20.15","1.99","2.77","2.22","0.69","1.02","0.80","$8.83","$11.15","$13.21","$15.91","$18.52","$21.72","$25.54","$30.71","$39.80","$49.81","$22.56","2.10","2.69","2.15","0.74","0.99","0.77","$7.86","$9.33","$10.87","$12.49","$14.33","$16.48","$19.42","$23.89","$30.83","$38.17","$17.48","1.82","2.66","2.15","0.60","0.98","0.77","$8.46","$10.58","$12.72","$14.94","$17.46","$20.29","$24.01","$28.94","$37.35","$46.10","$21.25","2.06","2.64","2.14","0.72","0.97","0.76","$7.86","$9.14","$10.58","$11.98","$13.68","$15.94","$19.05","$22.98","$28.93","$35.21","$16.73","1.74","2.57","2.11","0.55","0.95","0.75","$7.25","$8.16","$9.52","$10.78","$12.09","$14.18","$16.16","$20.03","$26.72","$33.25","$15.24","1.67","2.75","2.21","0.51","1.01","0.79","$9.55","$12.10","$14.57","$17.29","$19.96","$23.40","$27.23","$32.16","$41.65","$52.93","$24.13","2.09","2.65","2.09","0.74","0.98","0.74","$8.05","$9.68","$11.24","$12.80","$14.51","$17.10","$20.09","$24.10","$30.46","$35.99","$17.68","1.80","2.48","2.10","0.59","0.91","0.74","$7.78","$8.62","$9.70","$11.18","$12.73","$14.75","$17.59","$21.61","$28.37","$35.21","$16.05","1.64","2.77","2.23","0.49","1.02","0.80","$7.97","$9.57","$11.20","$12.86","$14.95","$17.41","$20.40","$24.67","$31.90","$38.62","$18.07","1.88","2.58","2.13","0.63","0.95","0.76","$7.55","$8.59","$9.85","$11.29","$12.81","$14.85","$17.58","$20.96","$27.46","$34.52","$15.89","1.70","2.69","2.14","0.53","0.99","0.76","$6.92","$7.96","$8.90","$9.98","$11.29","$12.88","$15.11","$18.13","$23.84","$29.86","$14.02","1.63","2.64","2.11","0.49","0.97","0.75"
"1994","$8.17","$9.90","$11.73","$13.87","$16.34","$19.20","$22.83","$27.71","$35.80","$44.39","$20.24","2.00","2.72","2.19","0.69","1.00","0.78","$8.64","$11.07","$13.12","$15.80","$18.27","$21.48","$25.49","$30.84","$39.42","$49.24","$22.56","2.11","2.70","2.16","0.75","0.99","0.77","$7.87","$9.17","$10.76","$12.42","$14.45","$16.50","$19.64","$23.93","$31.12","$37.85","$17.66","1.84","2.62","2.15","0.61","0.96","0.77","$8.32","$10.50","$12.63","$14.81","$17.26","$20.31","$24.19","$29.09","$37.47","$46.84","$21.27","2.07","2.71","2.17","0.73","1.00","0.78","$7.82","$8.89","$10.28","$11.77","$13.58","$16.11","$18.62","$22.88","$29.35","$35.86","$16.95","1.74","2.64","2.16","0.55","0.97","0.77","$7.21","$8.27","$9.69","$10.83","$12.25","$14.15","$16.50","$20.39","$26.92","$34.21","$15.57","1.70","2.79","2.20","0.53","1.03","0.79","$9.48","$11.85","$14.56","$16.94","$19.80","$23.16","$27.32","$32.59","$41.45","$51.97","$24.04","2.09","2.62","2.09","0.74","0.96","0.74","$8.11","$9.69","$11.27","$12.75","$14.61","$17.00","$19.83","$24.48","$30.82","$37.57","$18.04","1.80","2.57","2.11","0.59","0.94","0.75","$7.54","$8.53","$9.90","$11.37","$12.95","$14.80","$17.37","$21.52","$28.26","$35.79","$16.26","1.72","2.76","2.18","0.54","1.02","0.78","$8.04","$9.64","$11.32","$13.00","$14.90","$17.26","$20.40","$24.63","$31.67","$39.16","$18.21","1.85","2.63","2.13","0.62","0.97","0.75","$7.44","$8.36","$9.82","$11.36","$12.98","$14.78","$17.28","$21.06","$27.75","$34.21","$15.96","1.74","2.64","2.14","0.56","0.97","0.76","$7.01","$8.09","$8.93","$10.00","$11.50","$13.11","$15.41","$18.64","$24.58","$31.47","$14.53","1.64","2.74","2.14","0.50","1.01","0.76"
"1993","$8.26","$10.02","$11.84","$13.99","$16.60","$19.21","$22.79","$27.43","$35.00","$42.10","$19.88","2.01","2.54","2.11","0.70","0.93","0.75","$8.52","$10.89","$13.31","$16.01","$18.48","$21.66","$25.25","$30.42","$39.42","$48.79","$22.24","2.17","2.64","2.13","0.77","0.97","0.76","$7.87","$9.22","$10.80","$12.53","$14.50","$16.72","$19.89","$23.71","$30.19","$36.93","$17.29","1.84","2.55","2.08","0.61","0.93","0.73","$8.40","$10.46","$12.59","$14.93","$17.11","$20.25","$24.18","$28.77","$36.73","$44.72","$20.86","2.04","2.61","2.15","0.71","0.96","0.76","$7.76","$8.96","$10.32","$11.87","$13.58","$16.08","$18.65","$22.66","$29.08","$34.90","$16.59","1.75","2.57","2.14","0.56","0.94","0.76","$7.32","$8.40","$9.77","$10.85","$12.49","$14.58","$16.81","$20.78","$26.83","$33.38","$15.41","1.71","2.67","2.15","0.53","0.98","0.76","$9.23","$11.85","$14.61","$16.88","$20.10","$23.43","$27.16","$32.42","$41.64","$50.27","$23.69","2.18","2.50","2.07","0.78","0.92","0.73","$8.14","$9.35","$10.86","$12.54","$14.69","$16.81","$20.15","$24.37","$30.09","$36.43","$17.48","1.80","2.48","2.05","0.59","0.91","0.72","$7.52","$8.54","$10.03","$11.52","$13.21","$15.19","$17.81","$21.80","$28.43","$34.12","$16.14","1.76","2.58","2.15","0.56","0.95","0.77","$8.10","$9.60","$11.30","$13.04","$15.00","$17.06","$20.37","$24.87","$31.21","$37.53","$17.80","1.85","2.50","2.08","0.62","0.92","0.73","$7.58","$8.58","$10.03","$11.56","$13.20","$14.96","$17.36","$21.08","$27.63","$33.44","$15.77","1.74","2.53","2.09","0.55","0.93","0.74","$7.20","$8.23","$9.01","$10.19","$11.72","$13.48","$16.00","$18.72","$24.87","$30.06","$14.30","1.63","2.56","2.12","0.49","0.94","0.75"
"1992","$8.35","$10.09","$11.95","$13.86","$16.53","$19.03","$22.42","$27.30","$34.39","$42.86","$19.77","1.98","2.59","2.08","0.68","0.95","0.73","$8.63","$10.92","$13.49","$15.95","$18.72","$21.60","$25.68","$30.42","$38.87","$48.40","$22.22","2.17","2.59","2.08","0.77","0.95","0.73","$7.80","$9.13","$10.73","$12.53","$14.30","$16.88","$19.24","$23.19","$29.87","$36.07","$17.07","1.83","2.52","2.09","0.61","0.93","0.74","$8.50","$10.43","$12.67","$14.84","$17.20","$20.42","$23.86","$28.58","$36.21","$44.09","$20.72","2.02","2.56","2.11","0.70","0.94","0.74","$7.66","$8.76","$10.34","$11.99","$13.70","$15.90","$18.61","$22.20","$28.50","$34.17","$16.39","1.79","2.49","2.08","0.58","0.91","0.73","$7.48","$8.52","$9.63","$10.95","$12.70","$14.53","$17.13","$20.73","$27.32","$34.09","$15.47","1.70","2.68","2.15","0.53","0.99","0.77","$9.23","$11.98","$14.55","$17.19","$20.41","$23.51","$27.25","$32.21","$41.31","$51.30","$23.65","2.21","2.51","2.02","0.79","0.92","0.71","$7.92","$9.27","$10.83","$12.69","$14.65","$17.08","$20.29","$24.08","$29.43","$34.30","$17.29","1.85","2.34","2.01","0.62","0.85","0.70","$7.68","$8.65","$10.14","$11.34","$13.27","$15.37","$18.23","$22.09","$28.82","$34.41","$16.24","1.73","2.59","2.17","0.55","0.95","0.78","$7.98","$9.45","$11.15","$12.90","$14.85","$17.12","$19.99","$23.94","$30.32","$36.81","$17.53","1.86","2.48","2.04","0.62","0.91","0.71","$7.49","$8.60","$10.04","$11.35","$12.94","$14.95","$17.23","$20.71","$26.94","$33.27","$15.58","1.73","2.57","2.08","0.55","0.94","0.73","$7.34","$8.28","$9.02","$10.38","$11.90","$13.60","$15.59","$18.73","$24.91","$30.75","$14.29","1.62","2.58","2.09","0.48","0.95","0.74"
"1991","$8.21","$10.08","$12.10","$14.03","$16.48","$19.17","$22.42","$27.01","$35.02","$43.71","$19.76","2.01","2.65","2.12","0.70","0.98","0.75","$8.78","$11.06","$13.53","$15.98","$18.67","$21.94","$26.15","$30.58","$39.13","$48.21","$22.35","2.13","2.58","2.10","0.75","0.95","0.74","$7.68","$8.99","$10.71","$12.39","$14.15","$16.51","$19.19","$22.80","$29.30","$35.21","$16.87","1.84","2.49","2.07","0.61","0.91","0.73","$8.60","$10.57","$12.63","$14.86","$17.48","$20.24","$23.79","$28.27","$35.33","$43.99","$20.73","2.03","2.52","2.02","0.71","0.92","0.70","$7.62","$8.88","$10.51","$12.15","$13.83","$15.85","$18.46","$22.22","$28.24","$33.61","$16.35","1.81","2.43","2.04","0.60","0.89","0.71","$7.52","$8.64","$9.55","$10.80","$12.48","$14.25","$17.26","$20.79","$26.38","$32.82","$15.31","1.66","2.63","2.11","0.51","0.97","0.75","$9.32","$12.26","$14.85","$17.53","$20.42","$23.54","$27.16","$32.06","$41.23","$51.42","$23.82","2.19","2.52","2.02","0.78","0.92","0.70","$7.91","$9.30","$11.01","$12.90","$14.74","$17.41","$20.09","$24.30","$29.87","$35.19","$17.42","1.86","2.39","2.03","0.62","0.87","0.71","$7.68","$8.80","$10.05","$11.36","$13.14","$15.14","$17.68","$21.90","$27.91","$34.95","$16.12","1.71","2.66","2.12","0.54","0.98","0.75","$7.83","$9.40","$11.06","$12.86","$14.62","$17.19","$19.69","$23.49","$29.93","$35.39","$17.31","1.87","2.42","2.05","0.62","0.88","0.72","$7.51","$8.70","$9.99","$11.31","$12.99","$14.80","$17.46","$21.06","$26.46","$31.66","$15.36","1.73","2.44","2.04","0.55","0.89","0.71","$7.36","$8.10","$8.91","$10.36","$11.68","$13.32","$15.66","$18.49","$23.73","$29.81","$14.07","1.59","2.55","2.03","0.46","0.94","0.71"
"1990","$8.11","$9.99","$11.93","$14.03","$16.39","$19.01","$22.64","$27.24","$34.83","$43.32","$19.72","2.02","2.64","2.13","0.70","0.97","0.75","$9.01","$11.15","$13.71","$16.31","$18.74","$22.05","$25.87","$30.72","$39.11","$47.77","$22.46","2.08","2.55","2.09","0.73","0.94","0.74","$7.49","$9.11","$10.77","$12.38","$14.09","$16.24","$18.66","$22.69","$28.69","$35.00","$16.62","1.88","2.48","2.04","0.63","0.91","0.71","$8.43","$10.71","$12.73","$14.76","$17.57","$20.17","$23.63","$28.16","$36.34","$45.34","$20.68","2.08","2.58","2.07","0.73","0.95","0.73","$7.37","$9.04","$10.60","$11.99","$13.77","$15.92","$18.31","$22.54","$27.48","$32.87","$16.22","1.87","2.39","2.00","0.63","0.87","0.69","$7.53","$8.72","$9.50","$11.02","$12.69","$14.53","$17.18","$20.49","$27.10","$32.88","$15.44","1.69","2.59","2.14","0.52","0.95","0.76","$9.30","$12.52","$14.81","$18.03","$20.42","$23.58","$27.33","$32.29","$40.98","$50.63","$23.89","2.20","2.48","2.01","0.79","0.91","0.70","$7.99","$9.49","$11.13","$12.96","$14.77","$17.37","$20.13","$23.84","$29.24","$36.13","$17.46","1.85","2.45","1.98","0.61","0.89","0.68","$7.78","$9.00","$10.11","$11.50","$13.40","$15.43","$18.24","$21.96","$28.71","$36.23","$16.48","1.72","2.70","2.14","0.54","0.99","0.76","$7.65","$9.25","$11.01","$12.74","$14.56","$16.76","$19.48","$23.00","$29.28","$36.18","$17.07","1.90","2.48","2.01","0.64","0.91","0.70","$7.14","$8.50","$9.75","$11.16","$12.83","$14.57","$17.10","$20.47","$26.20","$31.55","$15.06","1.80","2.46","2.04","0.59","0.90","0.71","$7.11","$8.08","$9.11","$10.24","$11.54","$13.42","$15.43","$18.19","$22.91","$28.56","$13.85","1.62","2.47","1.99","0.48","0.91","0.69"
"1989","$8.04","$9.84","$11.99","$14.24","$16.60","$19.19","$22.91","$27.45","$34.55","$42.68","$19.79","2.06","2.57","2.08","0.72","0.94","0.73","$9.25","$11.49","$14.11","$16.69","$19.21","$22.78","$26.39","$30.78","$38.37","$47.77","$22.69","2.08","2.49","2.00","0.73","0.91","0.69","$7.53","$9.27","$10.60","$12.22","$14.18","$16.19","$19.02","$22.80","$28.57","$34.36","$16.53","1.88","2.42","2.01","0.63","0.89","0.70","$8.36","$10.52","$12.71","$15.06","$17.36","$20.22","$23.82","$28.57","$36.11","$44.13","$20.67","2.08","2.54","2.08","0.73","0.93","0.73","$7.44","$8.98","$10.29","$11.95","$13.87","$15.94","$18.99","$22.88","$28.51","$33.56","$16.36","1.86","2.42","2.06","0.62","0.88","0.72","$7.62","$8.69","$9.69","$11.33","$12.97","$15.12","$17.63","$21.03","$27.15","$32.61","$15.66","1.70","2.51","2.09","0.53","0.92","0.74","$9.55","$12.45","$15.19","$18.06","$20.84","$23.87","$27.86","$32.54","$41.13","$49.61","$24.02","2.18","2.38","1.97","0.78","0.87","0.68","$7.71","$9.55","$11.32","$13.14","$15.09","$17.35","$20.25","$24.09","$29.52","$35.66","$17.52","1.96","2.36","1.96","0.67","0.86","0.67","$7.91","$9.35","$10.37","$11.90","$14.03","$16.22","$19.10","$22.93","$28.83","$34.60","$16.87","1.77","2.47","2.05","0.57","0.90","0.72","$7.60","$9.42","$11.04","$12.61","$14.46","$16.66","$19.19","$23.09","$28.75","$35.04","$16.90","1.90","2.42","1.99","0.64","0.89","0.69","$7.15","$8.35","$9.63","$11.28","$13.08","$14.68","$17.21","$20.90","$26.50","$31.52","$15.25","1.83","2.41","2.03","0.60","0.88","0.71","$7.18","$8.25","$9.37","$10.24","$11.60","$13.30","$15.42","$18.74","$23.63","$28.46","$13.88","1.62","2.45","2.04","0.48","0.90","0.71"
"1988","$8.03","$10.04","$12.09","$14.31","$16.65","$19.80","$22.97","$27.53","$34.97","$43.69","$20.36","2.07","2.62","2.10","0.73","0.96","0.74","$9.08","$11.79","$14.18","$16.87","$19.88","$23.00","$26.45","$31.34","$39.88","$49.98","$23.69","2.19","2.51","2.01","0.78","0.92","0.70","$7.47","$9.08","$10.52","$12.20","$14.11","$16.09","$19.04","$22.29","$28.10","$34.08","$16.57","1.89","2.42","1.99","0.64","0.88","0.69","$8.20","$10.39","$12.65","$15.02","$17.60","$20.11","$24.00","$28.68","$36.39","$45.04","$21.23","2.15","2.56","2.07","0.76","0.94","0.73","$7.37","$8.97","$10.28","$12.12","$14.11","$16.34","$19.71","$23.15","$28.97","$34.90","$17.08","1.91","2.47","2.05","0.65","0.91","0.72","$7.64","$8.83","$10.05","$11.78","$13.30","$15.18","$17.82","$21.67","$27.72","$33.85","$16.17","1.74","2.55","2.08","0.55","0.93","0.73","$9.80","$12.45","$15.38","$18.07","$20.92","$24.21","$27.96","$32.94","$41.77","$53.92","$25.01","2.13","2.58","2.00","0.76","0.95","0.69","$7.87","$9.88","$11.69","$13.69","$15.74","$18.20","$21.33","$25.12","$31.00","$37.52","$18.83","2.00","2.38","1.97","0.69","0.87","0.68","$7.99","$9.64","$10.82","$12.43","$14.47","$16.52","$19.77","$23.69","$29.79","$36.88","$17.53","1.81","2.55","2.06","0.59","0.94","0.72","$7.60","$9.39","$10.89","$12.53","$14.59","$16.51","$19.68","$22.78","$28.77","$34.64","$16.93","1.92","2.37","1.97","0.65","0.86","0.68","$7.03","$8.29","$9.86","$11.17","$12.79","$14.86","$17.41","$20.56","$25.91","$31.37","$15.39","1.82","2.45","2.03","0.60","0.90","0.71","$7.06","$8.21","$9.40","$10.33","$11.96","$13.75","$15.71","$18.86","$24.05","$29.55","$14.18","1.69","2.47","2.01","0.53","0.90","0.70"
"1987","$8.09","$10.22","$12.24","$14.40","$16.66","$19.81","$22.90","$27.07","$34.85","$42.62","$20.24","2.06","2.56","2.09","0.72","0.94","0.74","$9.08","$11.71","$14.44","$16.95","$20.42","$22.95","$26.58","$31.08","$40.33","$50.05","$23.61","2.25","2.45","1.98","0.81","0.90","0.68","$7.42","$9.03","$10.46","$12.29","$14.11","$16.08","$18.70","$22.16","$27.45","$33.09","$16.37","1.90","2.35","1.95","0.64","0.85","0.67","$8.26","$10.44","$12.64","$15.11","$17.60","$20.59","$23.97","$28.40","$36.11","$44.83","$21.07","2.13","2.55","2.05","0.76","0.93","0.72","$7.39","$8.86","$10.39","$12.24","$14.18","$16.32","$19.24","$22.82","$28.44","$34.64","$16.74","1.92","2.44","2.01","0.65","0.89","0.70","$7.42","$8.74","$10.24","$11.66","$13.39","$15.55","$18.29","$21.64","$27.45","$33.18","$16.29","1.80","2.48","2.05","0.59","0.91","0.72","$9.74","$12.55","$15.48","$18.39","$20.83","$24.63","$27.93","$32.76","$41.37","$51.68","$24.88","2.14","2.48","1.99","0.76","0.91","0.69","$7.89","$10.01","$11.38","$13.24","$15.51","$18.36","$20.82","$25.49","$30.91","$36.86","$18.46","1.97","2.38","1.99","0.68","0.87","0.69","$7.82","$9.45","$10.53","$12.57","$14.66","$16.88","$20.43","$23.98","$29.36","$36.22","$17.70","1.87","2.47","2.00","0.63","0.90","0.69","$7.53","$9.26","$10.68","$12.53","$14.42","$16.49","$19.30","$22.63","$28.00","$33.53","$16.70","1.92","2.33","1.94","0.65","0.84","0.66","$7.11","$8.29","$9.88","$11.04","$12.67","$14.64","$17.04","$20.62","$25.78","$30.89","$15.08","1.78","2.44","2.03","0.58","0.89","0.71","$7.12","$8.20","$9.31","$10.42","$12.12","$13.64","$15.66","$18.74","$23.90","$28.78","$14.14","1.70","2.37","1.97","0.53","0.86","0.68"
"1986","$8.10","$10.38","$12.10","$14.28","$16.81","$19.50","$22.97","$26.90","$34.27","$42.60","$20.06","2.08","2.53","2.04","0.73","0.93","0.71","$8.95","$11.66","$14.61","$17.13","$20.36","$23.33","$26.71","$31.78","$39.77","$48.45","$23.46","2.27","2.38","1.95","0.82","0.87","0.67","$7.46","$8.83","$10.60","$12.11","$13.71","$15.91","$18.48","$21.52","$26.81","$32.07","$16.11","1.84","2.34","1.96","0.61","0.85","0.67","$8.33","$10.59","$12.71","$14.96","$17.32","$20.82","$23.75","$27.92","$35.77","$42.91","$20.83","2.08","2.48","2.07","0.73","0.91","0.73","$7.44","$8.72","$10.54","$12.07","$13.92","$16.16","$19.01","$22.67","$27.73","$32.23","$16.56","1.87","2.32","1.99","0.63","0.84","0.69","$7.43","$8.67","$10.47","$11.59","$13.36","$15.76","$18.43","$21.92","$27.94","$33.91","$16.35","1.80","2.54","2.09","0.59","0.93","0.74","$9.64","$12.70","$15.57","$18.42","$21.34","$24.49","$27.78","$32.20","$41.24","$51.19","$24.65","2.21","2.40","1.93","0.79","0.87","0.66","$7.91","$9.73","$11.32","$13.35","$15.80","$18.18","$21.30","$25.50","$30.08","$35.45","$18.29","2.00","2.24","1.90","0.69","0.81","0.64","$7.82","$9.50","$10.80","$12.78","$14.92","$17.10","$20.52","$24.32","$30.69","$36.82","$17.82","1.91","2.47","2.06","0.65","0.90","0.72","$7.55","$9.13","$10.73","$12.50","$14.07","$16.13","$18.84","$21.87","$26.99","$32.26","$16.40","1.86","2.29","1.92","0.62","0.83","0.65","$7.21","$8.31","$9.63","$10.86","$12.70","$14.70","$16.96","$20.39","$25.51","$29.58","$14.87","1.76","2.33","2.01","0.57","0.85","0.70","$7.10","$8.16","$9.34","$10.62","$11.83","$13.48","$15.83","$18.75","$23.99","$28.16","$14.12","1.67","2.38","2.03","0.51","0.87","0.71"
"1985","$8.02","$9.96","$11.83","$13.85","$16.34","$19.24","$22.04","$26.94","$33.14","$42.09","$19.61","2.04","2.58","2.03","0.71","0.95","0.71","$8.87","$11.38","$14.13","$16.99","$19.75","$22.75","$26.32","$30.59","$38.81","$49.87","$22.96","2.23","2.53","1.97","0.80","0.93","0.68","$7.45","$8.76","$10.51","$11.75","$13.43","$15.43","$17.81","$21.53","$26.34","$31.40","$15.67","1.80","2.34","1.96","0.59","0.85","0.67","$8.26","$10.60","$12.42","$14.68","$17.18","$20.05","$23.44","$27.33","$34.70","$43.49","$20.36","2.08","2.53","2.02","0.73","0.93","0.70","$7.37","$8.70","$10.40","$11.70","$13.53","$15.84","$18.62","$21.89","$27.34","$32.60","$16.15","1.84","2.41","2.02","0.61","0.88","0.70","$7.51","$8.75","$10.20","$11.52","$13.27","$15.44","$17.98","$21.78","$27.46","$33.07","$16.13","1.77","2.49","2.07","0.57","0.91","0.73","$9.57","$12.50","$15.27","$17.96","$21.49","$23.99","$27.26","$32.37","$40.70","$53.79","$24.11","2.25","2.50","1.89","0.81","0.92","0.64","$7.68","$9.41","$10.98","$13.04","$15.16","$17.50","$20.80","$24.24","$29.67","$35.26","$17.70","1.97","2.33","1.96","0.68","0.84","0.67","$7.82","$9.42","$10.91","$12.88","$14.95","$17.24","$20.25","$24.14","$30.34","$36.54","$17.67","1.91","2.44","2.03","0.65","0.89","0.71","$7.52","$8.88","$10.69","$12.02","$13.67","$15.84","$18.22","$21.67","$26.92","$31.70","$15.92","1.82","2.32","1.97","0.60","0.84","0.68","$7.24","$8.33","$9.56","$10.87","$12.50","$14.10","$16.49","$19.74","$24.70","$29.27","$14.65","1.73","2.34","1.98","0.55","0.85","0.68","$7.25","$8.25","$9.14","$10.63","$11.72","$13.31","$15.38","$18.02","$22.65","$27.22","$13.79","1.62","2.32","1.93","0.48","0.84","0.66"
"1984","$8.07","$9.94","$11.55","$13.80","$16.24","$18.95","$22.39","$26.72","$33.55","$41.44","$19.38","2.01","2.55","2.07","0.70","0.94","0.73","$8.99","$11.40","$14.08","$16.85","$19.79","$22.55","$26.25","$30.23","$38.38","$47.77","$22.70","2.20","2.41","1.94","0.79","0.88","0.66","$7.56","$8.84","$10.24","$11.47","$13.37","$15.23","$17.44","$20.69","$25.66","$30.67","$15.42","1.77","2.29","1.92","0.57","0.83","0.65","$8.26","$10.29","$12.20","$14.32","$16.86","$19.73","$22.65","$27.19","$33.88","$42.67","$20.05","2.04","2.53","2.01","0.71","0.93","0.70","$7.50","$8.75","$10.21","$11.50","$13.50","$15.76","$18.46","$22.37","$27.38","$32.62","$16.09","1.80","2.42","2.03","0.59","0.88","0.71","$7.66","$8.88","$10.18","$11.43","$13.42","$15.50","$17.95","$22.09","$27.66","$33.42","$15.98","1.75","2.49","2.06","0.56","0.91","0.72","$9.34","$12.24","$15.14","$17.84","$20.59","$23.46","$27.09","$31.43","$39.51","$50.63","$23.67","2.20","2.46","1.92","0.79","0.90","0.65","$7.74","$9.35","$11.25","$13.17","$15.56","$18.03","$21.42","$24.63","$29.30","$35.53","$17.88","2.01","2.28","1.88","0.70","0.83","0.63","$8.04","$9.49","$11.16","$12.91","$14.83","$17.11","$20.21","$24.45","$29.48","$35.68","$17.67","1.84","2.41","1.99","0.61","0.88","0.69","$7.62","$8.96","$10.49","$11.74","$13.58","$15.58","$17.82","$21.12","$25.95","$31.01","$15.67","1.78","2.28","1.91","0.58","0.83","0.65","$7.39","$8.31","$9.30","$10.99","$12.14","$13.75","$16.02","$19.31","$24.16","$28.36","$14.34","1.64","2.34","1.99","0.50","0.85","0.69","$7.40","$8.26","$9.12","$10.39","$11.49","$13.36","$15.17","$17.77","$22.45","$26.94","$13.61","1.55","2.34","1.95","0.44","0.85","0.67"
"1983","$8.22","$9.89","$11.75","$13.92","$16.26","$18.84","$22.52","$26.21","$32.90","$40.90","$19.31","1.98","2.52","2.02","0.68","0.92","0.70","$9.14","$11.66","$14.19","$17.04","$19.85","$23.24","$26.07","$30.17","$37.91","$46.93","$22.71","2.17","2.36","1.91","0.78","0.86","0.65","$7.79","$8.98","$10.28","$11.68","$13.20","$14.89","$17.41","$20.49","$25.26","$29.45","$15.28","1.69","2.23","1.91","0.53","0.80","0.65","$8.37","$10.30","$11.97","$14.30","$16.80","$19.59","$23.28","$27.19","$34.21","$42.08","$19.94","2.01","2.50","2.04","0.70","0.92","0.71","$7.77","$8.91","$10.22","$11.73","$13.69","$15.97","$18.64","$22.38","$27.55","$32.25","$16.14","1.76","2.36","2.01","0.57","0.86","0.70","$7.84","$9.05","$10.29","$11.69","$13.44","$15.28","$17.73","$21.34","$27.05","$31.81","$15.97","1.71","2.37","2.01","0.54","0.86","0.70","$9.41","$11.99","$14.94","$17.76","$20.90","$23.55","$27.35","$31.19","$39.60","$48.81","$23.64","2.22","2.34","1.89","0.80","0.85","0.64","$7.94","$9.44","$11.43","$13.03","$15.36","$18.35","$21.28","$24.48","$29.44","$35.14","$17.97","1.93","2.29","1.92","0.66","0.83","0.65","$8.18","$9.54","$11.46","$12.92","$14.77","$17.32","$20.20","$23.57","$29.33","$35.07","$17.65","1.81","2.37","1.99","0.59","0.86","0.69","$7.84","$9.11","$10.46","$11.79","$13.48","$15.16","$17.59","$20.76","$25.57","$29.60","$15.49","1.72","2.20","1.90","0.54","0.79","0.64","$7.67","$8.46","$9.47","$10.89","$11.99","$14.07","$16.30","$19.02","$23.53","$28.27","$14.32","1.56","2.36","1.96","0.45","0.86","0.67","$7.63","$8.37","$9.27","$10.39","$11.65","$13.12","$14.94","$17.62","$22.25","$25.95","$13.56","1.53","2.23","1.91","0.42","0.80","0.65"
"1982","$8.47","$10.01","$12.08","$14.04","$16.28","$18.96","$22.24","$26.40","$32.49","$39.82","$19.29","1.92","2.45","2.00","0.65","0.89","0.69","$9.47","$12.11","$14.67","$17.29","$19.95","$23.33","$26.45","$30.41","$36.86","$45.88","$22.70","2.11","2.30","1.85","0.75","0.83","0.61","$8.05","$9.11","$10.23","$11.86","$13.03","$14.89","$17.20","$20.10","$24.59","$29.44","$15.18","1.62","2.26","1.89","0.48","0.82","0.64","$8.61","$10.37","$12.29","$14.57","$17.03","$19.66","$23.30","$27.06","$33.73","$41.57","$19.92","1.98","2.44","1.98","0.68","0.89","0.68","$8.04","$9.15","$10.38","$12.03","$13.62","$15.56","$18.25","$21.88","$26.73","$31.41","$15.97","1.69","2.31","1.96","0.53","0.84","0.67","$8.12","$9.23","$10.32","$12.03","$13.52","$15.35","$18.18","$21.80","$27.09","$31.45","$16.04","1.67","2.33","2.00","0.51","0.84","0.69","$9.75","$12.44","$15.39","$18.27","$21.21","$24.28","$27.15","$30.88","$38.80","$47.78","$23.64","2.18","2.25","1.83","0.78","0.81","0.60","$8.31","$9.86","$11.89","$13.42","$15.48","$18.09","$21.05","$24.38","$29.36","$33.95","$17.76","1.86","2.19","1.90","0.62","0.79","0.64","$8.48","$9.81","$11.66","$13.18","$15.13","$17.54","$20.36","$24.34","$29.44","$34.02","$17.64","1.78","2.25","1.95","0.58","0.81","0.67","$8.10","$9.23","$10.44","$12.00","$13.31","$15.10","$17.48","$20.42","$24.69","$29.69","$15.37","1.64","2.23","1.85","0.50","0.80","0.62","$7.91","$8.64","$9.64","$10.83","$12.17","$13.84","$15.71","$18.52","$23.66","$27.62","$14.22","1.54","2.27","1.94","0.43","0.82","0.66","$7.90","$8.56","$9.48","$10.44","$11.95","$13.10","$14.89","$17.64","$22.14","$26.59","$13.70","1.51","2.23","1.85","0.41","0.80","0.62"
"1981","$8.76","$10.28","$12.17","$13.98","$16.18","$19.07","$22.27","$25.95","$32.24","$38.84","$19.14","1.85","2.40","1.99","0.61","0.88","0.69","$9.83","$12.65","$15.09","$17.64","$20.18","$23.14","$25.96","$29.91","$36.48","$44.76","$22.55","2.05","2.22","1.81","0.72","0.80","0.59","$8.39","$9.23","$10.29","$11.60","$12.95","$14.66","$16.51","$19.48","$24.45","$28.60","$14.93","1.54","2.21","1.89","0.43","0.79","0.64","$8.89","$10.51","$12.67","$14.54","$16.77","$19.51","$22.96","$26.30","$32.63","$39.78","$19.74","1.89","2.37","1.95","0.63","0.86","0.67","$8.41","$9.31","$10.54","$12.32","$13.78","$15.94","$18.53","$22.18","$26.71","$31.34","$16.17","1.64","2.27","1.94","0.49","0.82","0.66","$8.49","$9.34","$10.46","$11.90","$13.20","$15.43","$17.92","$21.60","$26.28","$31.30","$15.97","1.55","2.37","1.99","0.44","0.86","0.69","$10.21","$13.00","$15.75","$18.39","$20.99","$24.05","$26.63","$31.06","$38.47","$45.67","$23.44","2.06","2.18","1.83","0.72","0.78","0.61","$8.70","$10.36","$12.34","$13.89","$16.05","$18.52","$21.32","$24.82","$29.02","$33.22","$18.11","1.84","2.07","1.81","0.61","0.73","0.59","$8.78","$10.16","$11.73","$13.11","$15.35","$17.50","$20.66","$24.50","$29.13","$33.50","$17.76","1.75","2.18","1.90","0.56","0.78","0.64","$8.43","$9.33","$10.42","$11.78","$13.07","$14.90","$16.79","$19.64","$24.70","$28.85","$15.11","1.55","2.21","1.89","0.44","0.79","0.64","$8.25","$8.79","$9.70","$10.67","$12.29","$13.67","$15.81","$18.51","$23.37","$27.55","$14.20","1.49","2.24","1.90","0.40","0.81","0.64","$8.27","$8.81","$9.51","$10.36","$11.52","$12.87","$14.49","$16.86","$21.00","$25.51","$13.26","1.39","2.21","1.82","0.33","0.79","0.60"
"1980","$8.94","$10.55","$12.35","$14.23","$16.63","$19.21","$22.34","$26.33","$32.21","$39.05","$19.31","1.86","2.35","1.94","0.62","0.85","0.66","$10.10","$12.84","$15.26","$17.77","$20.68","$23.09","$26.52","$29.91","$36.06","$44.02","$22.77","2.05","2.13","1.74","0.72","0.76","0.56","$8.53","$9.40","$10.46","$11.59","$13.04","$14.45","$16.74","$19.51","$23.87","$28.39","$14.97","1.53","2.18","1.83","0.42","0.78","0.60","$9.10","$10.89","$12.76","$14.52","$17.15","$19.89","$22.87","$27.21","$33.64","$40.18","$19.90","1.88","2.34","1.96","0.63","0.85","0.67","$8.52","$9.44","$10.78","$12.12","$13.97","$15.87","$18.47","$22.20","$27.24","$31.82","$16.28","1.64","2.28","1.95","0.49","0.82","0.67","$8.67","$9.63","$10.89","$12.29","$13.95","$15.73","$18.06","$21.65","$27.17","$31.57","$16.26","1.61","2.26","1.95","0.48","0.82","0.67","$10.63","$13.85","$16.28","$18.79","$21.35","$24.24","$27.51","$31.02","$37.49","$45.60","$23.64","2.01","2.14","1.76","0.70","0.76","0.56","$8.76","$10.50","$12.15","$14.07","$16.14","$18.48","$21.52","$25.05","$29.10","$34.31","$18.23","1.84","2.13","1.80","0.61","0.75","0.59","$9.05","$10.56","$12.11","$13.93","$15.63","$17.82","$21.00","$24.29","$28.71","$34.22","$18.09","1.73","2.19","1.84","0.55","0.78","0.61","$8.57","$9.51","$10.63","$11.76","$13.29","$14.65","$16.95","$19.71","$24.13","$28.46","$15.13","1.55","2.14","1.82","0.44","0.76","0.60","$8.38","$8.94","$9.81","$10.94","$12.06","$13.86","$15.54","$18.35","$22.99","$27.76","$14.28","1.44","2.30","1.91","0.36","0.83","0.65","$8.40","$8.99","$9.73","$10.62","$11.61","$13.10","$14.51","$17.16","$21.21","$25.41","$13.49","1.38","2.19","1.83","0.32","0.78","0.60"
"1979","$9.47","$10.79","$12.58","$14.68","$16.71","$19.48","$22.83","$26.69","$32.56","$39.51","$19.72","1.76","2.36","1.95","0.57","0.86","0.67","$10.44","$13.06","$15.75","$18.45","$21.00","$23.69","$26.81","$31.15","$37.69","$45.10","$23.24","2.01","2.15","1.79","0.70","0.76","0.58","$9.17","$9.69","$10.62","$11.84","$13.10","$14.95","$16.66","$19.54","$23.89","$28.41","$15.14","1.43","2.17","1.82","0.36","0.77","0.60","$9.56","$11.10","$12.94","$15.40","$17.47","$20.03","$23.50","$27.52","$33.73","$40.32","$20.32","1.83","2.31","1.93","0.60","0.84","0.66","$9.20","$9.74","$11.01","$12.47","$14.33","$16.11","$19.06","$22.72","$27.58","$31.87","$16.64","1.56","2.22","1.92","0.44","0.80","0.65","$9.26","$9.82","$11.01","$12.41","$14.17","$15.93","$18.72","$22.35","$27.39","$31.72","$16.57","1.53","2.24","1.93","0.43","0.81","0.66","$10.96","$13.99","$16.25","$19.16","$21.97","$24.51","$27.70","$31.51","$39.00","$46.90","$24.10","2.00","2.13","1.78","0.70","0.76","0.57","$9.46","$10.78","$12.54","$14.56","$16.38","$19.15","$22.15","$25.27","$30.47","$35.25","$18.76","1.73","2.15","1.86","0.55","0.77","0.62","$9.52","$10.91","$12.53","$14.39","$16.01","$18.59","$21.79","$25.02","$29.94","$34.92","$18.53","1.68","2.18","1.87","0.52","0.78","0.63","$9.20","$9.76","$10.79","$12.04","$13.39","$15.26","$16.92","$19.71","$24.00","$28.66","$15.31","1.46","2.14","1.79","0.38","0.76","0.58","$9.06","$9.46","$9.90","$11.09","$12.32","$13.94","$15.88","$18.69","$23.45","$27.56","$14.39","1.36","2.24","1.90","0.31","0.81","0.64","$9.07","$9.45","$9.83","$10.62","$11.56","$12.77","$14.67","$16.98","$21.43","$25.45","$13.55","1.27","2.20","1.85","0.24","0.79","0.62"
"1978","$9.43","$10.60","$12.43","$14.34","$16.92","$19.34","$22.29","$26.09","$32.73","$39.31","$19.47","1.79","2.32","1.93","0.58","0.84","0.66","$10.31","$13.03","$15.63","$17.68","$20.72","$23.61","$26.15","$30.22","$36.92","$43.42","$22.93","2.01","2.10","1.78","0.70","0.74","0.58","$9.08","$9.68","$10.47","$11.64","$12.99","$14.54","$16.87","$19.40","$23.79","$27.67","$14.93","1.43","2.13","1.83","0.36","0.76","0.61","$9.52","$10.87","$12.86","$15.01","$17.29","$20.13","$23.24","$26.94","$34.07","$41.10","$20.09","1.82","2.38","1.97","0.60","0.87","0.68","$9.05","$9.71","$10.66","$12.22","$13.83","$16.34","$18.57","$21.89","$26.21","$30.88","$16.26","1.53","2.23","1.90","0.42","0.80","0.64","$9.20","$9.88","$10.93","$12.38","$13.67","$15.49","$17.53","$20.96","$26.15","$30.66","$15.86","1.49","2.24","1.91","0.40","0.81","0.65","$10.66","$13.70","$16.60","$18.85","$21.46","$24.30","$27.20","$31.08","$38.16","$45.10","$23.80","2.01","2.10","1.78","0.70","0.74","0.58","$9.43","$10.65","$12.58","$14.19","$16.85","$18.73","$21.19","$24.46","$28.03","$33.09","$18.18","1.79","1.96","1.66","0.58","0.67","0.51","$9.51","$10.72","$12.43","$13.82","$15.77","$17.62","$20.57","$24.25","$28.46","$32.72","$17.74","1.66","2.07","1.80","0.51","0.73","0.59","$9.12","$9.75","$10.61","$11.85","$13.22","$14.85","$17.05","$19.67","$23.93","$27.69","$15.10","1.45","2.09","1.81","0.37","0.74","0.59","$8.40","$9.34","$9.82","$10.63","$11.89","$13.34","$15.49","$18.17","$23.61","$28.23","$14.26","1.42","2.37","1.99","0.35","0.86","0.69","$8.91","$9.45","$9.88","$10.62","$11.61","$12.88","$14.10","$16.13","$19.29","$22.61","$12.99","1.30","1.95","1.66","0.26","0.67","0.51"
"1977","$8.95","$10.69","$12.45","$14.45","$16.76","$19.17","$22.53","$26.26","$32.41","$39.31","$19.52","1.87","2.35","1.93","0.63","0.85","0.66","$10.34","$12.98","$15.53","$18.25","$20.71","$23.17","$26.23","$29.79","$36.85","$44.56","$22.97","2.00","2.15","1.78","0.69","0.77","0.58","$8.31","$9.30","$10.46","$11.61","$13.00","$14.56","$16.60","$19.15","$23.73","$28.00","$14.92","1.56","2.15","1.83","0.45","0.77","0.60","$9.08","$10.95","$12.82","$14.87","$17.46","$19.99","$23.04","$27.08","$33.27","$40.50","$20.09","1.92","2.32","1.91","0.65","0.84","0.64","$8.31","$9.39","$10.77","$12.17","$14.05","$16.06","$18.50","$22.02","$26.33","$30.46","$16.17","1.69","2.17","1.87","0.53","0.77","0.63","$8.70","$9.57","$10.99","$12.60","$14.05","$15.90","$18.48","$22.21","$27.41","$32.58","$16.52","1.61","2.32","1.95","0.48","0.84","0.67","$10.78","$13.63","$16.38","$18.72","$21.62","$23.94","$27.17","$30.75","$37.26","$45.92","$23.79","2.01","2.12","1.72","0.70","0.75","0.54","$8.82","$10.66","$12.24","$14.22","$16.35","$18.50","$21.16","$24.20","$27.87","$31.74","$17.86","1.85","1.94","1.70","0.62","0.66","0.53","$9.18","$10.94","$12.76","$14.40","$16.24","$18.49","$21.42","$25.04","$29.41","$34.89","$18.49","1.77","2.15","1.81","0.57","0.76","0.59","$8.36","$9.40","$10.65","$11.81","$13.20","$14.74","$16.85","$19.44","$23.88","$28.02","$15.05","1.58","2.12","1.81","0.46","0.75","0.59","$8.07","$8.85","$9.62","$10.81","$12.05","$13.74","$15.65","$18.38","$23.47","$27.95","$14.38","1.49","2.32","1.95","0.40","0.84","0.67","$8.17","$8.93","$9.51","$10.41","$11.39","$12.76","$14.12","$16.09","$20.06","$25.47","$13.27","1.39","2.24","1.76","0.33","0.80","0.57"
"1976","$9.04","$10.62","$12.49","$14.46","$16.70","$19.41","$22.25","$25.82","$32.38","$39.51","$19.51","1.85","2.37","1.94","0.61","0.86","0.66","$10.20","$13.00","$15.49","$17.97","$20.06","$23.02","$25.59","$29.47","$37.38","$44.13","$22.79","1.97","2.20","1.86","0.68","0.79","0.62","$8.47","$9.38","$10.35","$11.70","$12.98","$14.56","$16.55","$19.44","$23.87","$28.56","$15.01","1.53","2.20","1.84","0.43","0.79","0.61","$9.20","$11.00","$12.88","$14.95","$17.29","$19.77","$22.95","$26.62","$33.52","$40.71","$20.04","1.88","2.35","1.94","0.63","0.86","0.66","$8.46","$9.44","$10.71","$12.20","$13.91","$16.07","$19.04","$21.63","$26.45","$30.38","$16.27","1.64","2.18","1.90","0.50","0.78","0.64","$8.50","$9.53","$10.61","$12.15","$13.89","$15.68","$18.21","$21.30","$26.82","$31.83","$16.39","1.63","2.29","1.93","0.49","0.83","0.66","$10.73","$13.61","$16.10","$18.92","$20.94","$23.66","$26.47","$30.12","$38.78","$45.18","$23.51","1.95","2.16","1.85","0.67","0.77","0.62","$9.13","$10.85","$12.53","$14.44","$16.62","$19.11","$20.97","$23.86","$28.00","$32.44","$18.31","1.82","1.95","1.68","0.60","0.67","0.52","$8.90","$10.07","$11.98","$14.01","$15.79","$18.02","$20.32","$23.98","$29.35","$34.44","$18.20","1.77","2.18","1.86","0.57","0.78","0.62","$8.53","$9.50","$10.56","$11.88","$13.17","$14.78","$16.79","$19.57","$24.04","$28.57","$15.16","1.54","2.17","1.83","0.43","0.77","0.60","$8.11","$8.86","$9.56","$10.54","$11.86","$13.25","$15.26","$18.56","$23.02","$28.78","$14.10","1.46","2.43","1.94","0.38","0.89","0.66","$8.11","$8.95","$9.70","$10.56","$11.77","$13.05","$14.51","$16.70","$20.36","$24.39","$13.68","1.45","2.07","1.73","0.37","0.73","0.55"
"1975","$8.70","$10.50","$12.51","$14.54","$16.73","$19.38","$21.98","$25.74","$32.04","$40.05","$19.39","1.92","2.39","1.92","0.65","0.87","0.65","$10.24","$12.99","$15.64","$18.11","$20.53","$22.77","$25.60","$29.38","$36.66","$44.20","$22.70","2.00","2.15","1.79","0.70","0.77","0.58","$8.10","$9.05","$10.23","$11.50","$12.95","$14.53","$16.42","$19.12","$23.39","$27.85","$14.73","1.60","2.15","1.81","0.47","0.77","0.59","$8.88","$10.78","$12.88","$15.03","$17.27","$20.22","$22.79","$26.29","$33.32","$41.19","$20.00","1.94","2.39","1.93","0.67","0.87","0.66","$8.09","$9.07","$10.48","$12.19","$14.04","$16.12","$18.46","$21.05","$25.24","$29.39","$15.77","1.74","2.09","1.80","0.55","0.74","0.59","$8.33","$9.55","$10.72","$12.25","$13.93","$15.83","$18.17","$20.79","$25.65","$30.27","$15.80","1.67","2.17","1.84","0.51","0.78","0.61","$10.62","$13.61","$16.31","$18.83","$20.97","$23.62","$26.20","$30.63","$37.74","$45.77","$23.51","1.97","2.18","1.80","0.68","0.78","0.59","$8.77","$10.67","$12.64","$14.67","$16.54","$18.42","$20.71","$23.09","$26.36","$30.93","$17.64","1.89","1.87","1.59","0.63","0.63","0.47","$8.86","$10.38","$12.21","$14.04","$15.94","$18.03","$20.28","$23.16","$28.06","$32.93","$17.59","1.80","2.07","1.76","0.59","0.73","0.57","$8.17","$9.22","$10.40","$11.76","$13.15","$14.76","$16.61","$19.34","$23.60","$28.12","$14.92","1.61","2.14","1.79","0.48","0.76","0.58","$7.83","$8.41","$9.15","$10.25","$11.56","$13.41","$15.32","$18.28","$21.97","$26.67","$13.76","1.48","2.31","1.90","0.39","0.84","0.64","$8.01","$8.67","$9.60","$10.52","$11.54","$12.75","$14.41","$16.53","$19.90","$23.46","$12.86","1.44","2.03","1.72","0.37","0.71","0.54"
"1974","$8.96","$10.69","$12.65","$14.62","$16.78","$19.15","$22.15","$25.52","$31.93","$39.40","$19.36","1.87","2.35","1.90","0.63","0.85","0.64","$10.57","$13.43","$15.77","$17.96","$20.34","$22.55","$25.26","$28.63","$36.21","$44.36","$22.69","1.92","2.18","1.78","0.65","0.78","0.58","$8.43","$9.17","$10.19","$11.37","$12.87","$14.37","$16.25","$18.56","$22.72","$27.38","$14.55","1.53","2.13","1.77","0.42","0.75","0.57","$9.09","$10.99","$13.14","$15.10","$17.36","$19.89","$22.55","$26.36","$33.18","$40.26","$19.93","1.91","2.32","1.91","0.65","0.84","0.65","$8.44","$9.27","$10.72","$12.06","$13.82","$15.76","$17.75","$20.73","$24.93","$28.58","$15.72","1.64","2.07","1.80","0.49","0.73","0.59","$8.65","$9.68","$10.85","$12.21","$14.06","$15.93","$17.91","$21.17","$25.74","$31.48","$16.41","1.63","2.24","1.83","0.49","0.81","0.60","$11.01","$14.05","$16.44","$18.67","$21.21","$22.96","$26.21","$29.93","$37.46","$44.86","$23.45","1.93","2.12","1.77","0.66","0.75","0.57","$9.11","$10.97","$12.67","$14.43","$16.41","$18.01","$20.44","$22.80","$26.63","$31.46","$17.77","1.80","1.92","1.62","0.59","0.65","0.48","$9.04","$10.66","$12.13","$14.23","$16.07","$17.80","$20.13","$22.83","$27.60","$33.91","$18.18","1.78","2.11","1.72","0.58","0.75","0.54","$8.48","$9.26","$10.41","$11.56","$13.11","$14.61","$16.54","$18.97","$22.87","$27.49","$14.74","1.55","2.10","1.74","0.44","0.74","0.56","$7.46","$8.72","$9.27","$10.28","$11.51","$13.05","$14.74","$17.04","$21.00","$25.91","$13.44","1.54","2.25","1.82","0.43","0.81","0.60","$8.35","$8.99","$9.62","$10.40","$11.36","$12.69","$14.18","$16.22","$19.86","$23.95","$13.30","1.36","2.11","1.75","0.31","0.75","0.56"
"1973","$8.98","$10.81","$12.74","$14.97","$17.16","$19.57","$22.51","$25.70","$32.58","$40.54","$19.75","1.91","2.36","1.90","0.65","0.86","0.64","$10.63","$13.55","$16.04","$18.43","$20.65","$23.32","$25.42","$29.79","$37.28","$45.00","$23.13","1.94","2.18","1.81","0.66","0.78","0.59","$7.90","$9.29","$10.33","$11.68","$12.93","$14.74","$16.60","$19.09","$23.45","$27.82","$14.82","1.64","2.15","1.81","0.49","0.77","0.60","$9.26","$11.23","$13.25","$15.49","$17.82","$20.19","$23.33","$26.64","$33.91","$41.95","$20.38","1.92","2.35","1.90","0.65","0.86","0.64","$7.72","$9.36","$10.60","$12.14","$14.06","$16.13","$18.46","$21.43","$25.52","$30.45","$16.04","1.82","2.17","1.82","0.60","0.77","0.60","$8.18","$9.72","$10.98","$12.39","$14.13","$15.81","$17.96","$20.97","$25.09","$30.53","$16.01","1.73","2.16","1.78","0.55","0.77","0.57","$11.29","$14.37","$16.76","$19.16","$21.54","$24.20","$26.43","$30.64","$38.73","$46.74","$23.97","1.91","2.17","1.80","0.65","0.77","0.59","$9.06","$10.79","$12.52","$14.71","$16.68","$18.75","$20.88","$24.03","$27.56","$32.35","$18.17","1.84","1.94","1.65","0.61","0.66","0.50","$9.19","$10.63","$12.38","$14.47","$16.03","$17.95","$20.08","$23.05","$27.23","$33.47","$17.73","1.74","2.09","1.70","0.56","0.74","0.53","$8.10","$9.45","$10.51","$11.92","$13.24","$15.04","$16.95","$19.42","$23.76","$28.01","$15.05","1.63","2.12","1.79","0.49","0.75","0.58","$6.86","$8.24","$9.38","$10.32","$11.53","$13.03","$15.08","$17.45","$21.96","$26.59","$13.59","1.68","2.31","1.90","0.52","0.84","0.64","$7.42","$8.68","$9.62","$10.54","$11.63","$12.68","$14.01","$15.91","$19.30","$23.45","$13.01","1.57","2.02","1.66","0.45","0.70","0.51"